sku,slug,name,group_name,size,size_label,pack_qty,unit,price,currency,manba_narx,manba_valyuta,brand,category_uz,subcategory_ru,supplier,price_date,in_stock,featured
NG-0001,vreznoy-homut-20-15-nevo,Врезной хомут 20/15 Nevo,Врезной хомут,20/15,Диаметр,45,dona,18000,UZS,1.5,USD,Nevo,Truba va fitinglar,Врезные хомуты,Nevo Group,2026-05-17,TRUE,FALSE
NG-0002,vreznoy-homut-25-15-nevo,Врезной хомут 25/15 Nevo,Врезной хомут,25/15,Диаметр,45,dona,18000,UZS,1.5,USD,Nevo,Truba va fitinglar,Врезные хомуты,Nevo Group,2026-05-17,TRUE,FALSE
NG-0003,vreznoy-homut-32-20-all-ayzen,Врезной хомут 32/20 ALL AYZEN,Врезной хомут,32/20,Диаметр,45,dona,26400,UZS,2.2,USD,ALL AYZEN,Truba va fitinglar,Врезные хомуты,Nevo Group,2026-05-17,TRUE,FALSE
NG-0004,vreznoy-homut-40-20-all-ayzen,Врезной хомут 40/20 ALL AYZEN,Врезной хомут,40/20,Диаметр,45,dona,26400,UZS,2.2,USD,ALL AYZEN,Truba va fitinglar,Врезные хомуты,Nevo Group,2026-05-17,TRUE,FALSE
NG-0005,vreznoy-homut-50-20-all-ayzen,Врезной хомут 50/20 ALL AYZEN,Врезной хомут,50/20,Диаметр,45,dona,27600,UZS,2.3,USD,ALL AYZEN,Truba va fitinglar,Врезные хомуты,Nevo Group,2026-05-17,TRUE,FALSE
NG-0006,vreznoy-homut-63-20-all-ayzen,Врезной хомут 63/20 ALL AYZEN,Врезной хомут,63/20,Диаметр,45,dona,30000,UZS,2.5,USD,ALL AYZEN,Truba va fitinglar,Врезные хомуты,Nevo Group,2026-05-17,TRUE,FALSE
NG-0007,vreznoy-homut-75-25-all-ayzen,Врезной хомут 75/25 ALL AYZEN,Врезной хомут,75/25,Диаметр,45,dona,36000,UZS,3.0,USD,ALL AYZEN,Truba va fitinglar,Врезные хомуты,Nevo Group,2026-05-17,TRUE,FALSE
NG-0008,vreznoy-homut-90-25-all-ayzen,Врезной хомут 90/25 ALL AYZEN,Врезной хомут,90/25,Диаметр,36,dona,42000,UZS,3.5,USD,ALL AYZEN,Truba va fitinglar,Врезные хомуты,Nevo Group,2026-05-17,TRUE,FALSE
NG-0009,vreznoy-homut-110-25-all-ayzen,Врезной хомут 110/25 ALL AYZEN,Врезной хомут,110/25,Диаметр,24,dona,42000,UZS,3.5,USD,ALL AYZEN,Truba va fitinglar,Врезные хомуты,Nevo Group,2026-05-17,TRUE,FALSE
NG-0010,vreznoy-homut-110-32-nevo,Врезной хомут 110/32 Nevo,Врезной хомут,110/32,Диаметр,15,dona,66000,UZS,5.5,USD,Nevo,Truba va fitinglar,Врезные хомуты,Nevo Group,2026-05-17,TRUE,FALSE
NG-0011,vreznoy-homut-110-40-nevo,Врезной хомут 110/40 Nevo,Врезной хомут,110/40,Диаметр,15,dona,72000,UZS,6.0,USD,Nevo,Truba va fitinglar,Врезные хомуты,Nevo Group,2026-05-17,TRUE,FALSE
NG-0012,vreznoy-homut-125-25-nevo,Врезной хомут 125/25 Nevo,Врезной хомут,125/25,Диаметр,15,dona,78000,UZS,6.5,USD,Nevo,Truba va fitinglar,Врезные хомуты,Nevo Group,2026-05-17,TRUE,FALSE
NG-0013,vreznoy-homut-125-32-nevo,Врезной хомут 125/32 Nevo,Врезной хомут,125/32,Диаметр,15,dona,84000,UZS,7.0,USD,Nevo,Truba va fitinglar,Врезные хомуты,Nevo Group,2026-05-17,TRUE,FALSE
NG-0014,vreznoy-homut-125-40-nevo,Врезной хомут 125/40 Nevo,Врезной хомут,125/40,Диаметр,15,dona,90000,UZS,7.5,USD,Nevo,Truba va fitinglar,Врезные хомуты,Nevo Group,2026-05-17,TRUE,FALSE
NG-0015,vreznoy-homut-140-25-nevo,Врезной хомут 140/25 Nevo,Врезной хомут,140/25,Диаметр,10,dona,90000,UZS,7.5,USD,Nevo,Truba va fitinglar,Врезные хомуты,Nevo Group,2026-05-17,TRUE,FALSE
NG-0016,vreznoy-homut-140-32-nevo,Врезной хомут 140/32 Nevo,Врезной хомут,140/32,Диаметр,10,dona,90000,UZS,7.5,USD,Nevo,Truba va fitinglar,Врезные хомуты,Nevo Group,2026-05-17,TRUE,FALSE
NG-0017,vreznoy-homut-140-40-nevo,Врезной хомут 140/40 Nevo,Врезной хомут,140/40,Диаметр,10,dona,96000,UZS,8.0,USD,Nevo,Truba va fitinglar,Врезные хомуты,Nevo Group,2026-05-17,TRUE,FALSE
NG-0018,vreznoy-homut-160-25-all-ayzen,Врезной хомут 160/25 ALL AYZEN,Врезной хомут,160/25,Диаметр,12,dona,90000,UZS,7.5,USD,ALL AYZEN,Truba va fitinglar,Врезные хомуты,Nevo Group,2026-05-17,TRUE,FALSE
NG-0019,vreznoy-homut-160-32-nevo,Врезной хомут 160/32 Nevo,Врезной хомут,160/32,Диаметр,8,dona,90000,UZS,7.5,USD,Nevo,Truba va fitinglar,Врезные хомуты,Nevo Group,2026-05-17,TRUE,FALSE
NG-0020,vreznoy-homut-160-40-nevo,Врезной хомут 160/40 Nevo,Врезной хомут,160/40,Диаметр,8,dona,108000,UZS,9.0,USD,Nevo,Truba va fitinglar,Врезные хомуты,Nevo Group,2026-05-17,TRUE,FALSE
NG-0021,vreznoy-homut-200-32-nevo,Врезной хомут 200/32 Nevo,Врезной хомут,200/32,Диаметр,4,dona,174000,UZS,14.5,USD,Nevo,Truba va fitinglar,Врезные хомуты,Nevo Group,2026-05-17,TRUE,FALSE
NG-0022,vreznoy-homut-200-40-nevo,Врезной хомут 200/40 Nevo,Врезной хомут,200/40,Диаметр,4,dona,186000,UZS,15.5,USD,Nevo,Truba va fitinglar,Врезные хомуты,Nevo Group,2026-05-17,TRUE,FALSE
NG-0023,vtulka-pod-flanets-adapter-50-absan-sanat,Втулка под фланец (Адаптер) 50 Absan Sanat,Втулка под фланец (Адаптер),50,Размер,120,dona,18150,UZS,18150,UZS,Absan Sanat,Truba va fitinglar,Фитинг полиэтиленовый,"OOO ""SANTEX MAKON""",2026-07-21,TRUE,FALSE
NG-0024,vtulka-pod-flanets-adapter-63-absan-sanat,Втулка под фланец (Адаптер) 63 Absan Sanat,Втулка под фланец (Адаптер),63,Размер,30,dona,20570,UZS,20570,UZS,Absan Sanat,Truba va fitinglar,Фитинг полиэтиленовый,"OOO ""SANTEX MAKON""",2026-07-21,TRUE,FALSE
NG-0025,vtulka-pod-flanets-adapter-75-absan-sanat,Втулка под фланец (Адаптер) 75 Absan Sanat,Втулка под фланец (Адаптер),75,Размер,25,dona,26620,UZS,26620,UZS,Absan Sanat,Truba va fitinglar,Фитинг полиэтиленовый,"OOO ""SANTEX MAKON""",2026-07-21,TRUE,FALSE
NG-0026,vtulka-pod-flanets-adapter-90-absan-sanat,Втулка под фланец (Адаптер) 90 Absan Sanat,Втулка под фланец (Адаптер),90,Размер,16,dona,30250,UZS,30250,UZS,Absan Sanat,Truba va fitinglar,Фитинг полиэтиленовый,"OOO ""SANTEX MAKON""",2026-07-21,TRUE,FALSE
NG-0027,vtulka-pod-flanets-adapter-110-absan-sanat,Втулка под фланец (Адаптер) 110 Absan Sanat,Втулка под фланец (Адаптер),110,Размер,12,dona,32670,UZS,32670,UZS,Absan Sanat,Truba va fitinglar,Фитинг полиэтиленовый,"OOO ""SANTEX MAKON""",2026-07-21,TRUE,FALSE
NG-0028,vtulka-pod-flanets-adapter-160-absan-sanat,Втулка под фланец (Адаптер) 160 Absan Sanat,Втулка под фланец (Адаптер),160,Размер,9,dona,50820,UZS,50820,UZS,Absan Sanat,Truba va fitinglar,Фитинг полиэтиленовый,"OOO ""SANTEX MAKON""",2026-07-21,TRUE,FALSE
NG-0029,vtulka-pod-flanets-adapter-200-absan-sanat,Втулка под фланец (Адаптер) 200 Absan Sanat,Втулка под фланец (Адаптер),200,Размер,6,dona,133100,UZS,133100,UZS,Absan Sanat,Truba va fitinglar,Фитинг полиэтиленовый,"OOO ""SANTEX MAKON""",2026-07-21,TRUE,FALSE
NG-0030,vtulka-pod-flanets-adapter-250-absan-sanat,Втулка под фланец (Адаптер) 250 Absan Sanat,Втулка под фланец (Адаптер),250,Размер,4,dona,232320,UZS,232320,UZS,Absan Sanat,Truba va fitinglar,Фитинг полиэтиленовый,"OOO ""SANTEX MAKON""",2026-07-21,TRUE,FALSE
NG-0031,vtulka-pod-flanets-adapter-315-absan-sanat,Втулка под фланец (Адаптер) 315 Absan Sanat,Втулка под фланец (Адаптер),315,Размер,2,dona,302500,UZS,302500,UZS,Absan Sanat,Truba va fitinglar,Фитинг полиэтиленовый,"OOO ""SANTEX MAKON""",2026-07-21,TRUE,FALSE
NG-0032,vtulka-pod-flanets-adapter-400-absan-sanat,Втулка под фланец (Адаптер) 400 Absan Sanat,Втулка под фланец (Адаптер),400,Размер,2,dona,847000,UZS,847000,UZS,Absan Sanat,Truba va fitinglar,Фитинг полиэтиленовый,"OOO ""SANTEX MAKON""",2026-07-21,TRUE,FALSE
NG-0033,vtulka-pod-flanets-adapter-500-absan-sanat,Втулка под фланец (Адаптер) 500 Absan Sanat,Втулка под фланец (Адаптер),500,Размер,1,dona,1815000,UZS,1815000,UZS,Absan Sanat,Truba va fitinglar,Фитинг полиэтиленовый,"OOO ""SANTEX MAKON""",2026-07-21,TRUE,FALSE
NG-0034,otvod-polietilenovyy-50-absan-sanat,Отвод полиэтиленовый 50 Absan Sanat,Отвод полиэтиленовый,50,Размер,66,dona,16335,UZS,16335,UZS,Absan Sanat,Truba va fitinglar,Фитинг полиэтиленовый,"OOO ""SANTEX MAKON""",2026-07-21,TRUE,FALSE
NG-0035,otvod-polietilenovyy-63-absan-sanat,Отвод полиэтиленовый 63 Absan Sanat,Отвод полиэтиленовый,63,Размер,30,dona,21417,UZS,21417,UZS,Absan Sanat,Truba va fitinglar,Фитинг полиэтиленовый,"OOO ""SANTEX MAKON""",2026-07-21,TRUE,FALSE
NG-0036,otvod-polietilenovyy-75-absan-sanat,Отвод полиэтиленовый 75 Absan Sanat,Отвод полиэтиленовый,75,Размер,25,dona,27830,UZS,27830,UZS,Absan Sanat,Truba va fitinglar,Фитинг полиэтиленовый,"OOO ""SANTEX MAKON""",2026-07-21,TRUE,FALSE
NG-0037,otvod-polietilenovyy-90-absan-sanat,Отвод полиэтиленовый 90 Absan Sanat,Отвод полиэтиленовый,90,Размер,15,dona,32670,UZS,32670,UZS,Absan Sanat,Truba va fitinglar,Фитинг полиэтиленовый,"OOO ""SANTEX MAKON""",2026-07-21,TRUE,FALSE
NG-0038,otvod-polietilenovyy-110-absan-sanat,Отвод полиэтиленовый 110 Absan Sanat,Отвод полиэтиленовый,110,Размер,12,dona,47795,UZS,47795,UZS,Absan Sanat,Truba va fitinglar,Фитинг полиэтиленовый,"OOO ""SANTEX MAKON""",2026-07-21,TRUE,FALSE
NG-0039,otvod-polietilenovyy-160-absan-sanat,Отвод полиэтиленовый 160 Absan Sanat,Отвод полиэтиленовый,160,Размер,10,dona,133100,UZS,133100,UZS,Absan Sanat,Truba va fitinglar,Фитинг полиэтиленовый,"OOO ""SANTEX MAKON""",2026-07-21,TRUE,FALSE
NG-0040,otvod-polietilenovyy-200-absan-sanat,Отвод полиэтиленовый 200 Absan Sanat,Отвод полиэтиленовый,200,Размер,3,dona,242000,UZS,242000,UZS,Absan Sanat,Truba va fitinglar,Фитинг полиэтиленовый,"OOO ""SANTEX MAKON""",2026-07-21,TRUE,FALSE
NG-0041,otvod-polietilenovyy-250-absan-sanat,Отвод полиэтиленовый 250 Absan Sanat,Отвод полиэтиленовый,250,Размер,2,dona,363000,UZS,363000,UZS,Absan Sanat,Truba va fitinglar,Фитинг полиэтиленовый,"OOO ""SANTEX MAKON""",2026-07-21,TRUE,FALSE
NG-0042,otvod-polietilenovyy-300-absan-sanat,Отвод полиэтиленовый 300 Absan Sanat,Отвод полиэтиленовый,300,Размер,1,dona,726000,UZS,726000,UZS,Absan Sanat,Truba va fitinglar,Фитинг полиэтиленовый,"OOO ""SANTEX MAKON""",2026-07-21,TRUE,FALSE
NG-0043,otvod-polietilenovyy-400-absan-sanat,Отвод полиэтиленовый 400 Absan Sanat,Отвод полиэтиленовый,400,Размер,1,dona,1379400,UZS,1379400,UZS,Absan Sanat,Truba va fitinglar,Фитинг полиэтиленовый,"OOO ""SANTEX MAKON""",2026-07-21,TRUE,FALSE
NG-0044,otvod-polietilenovyy-500-absan-sanat,Отвод полиэтиленовый 500 Absan Sanat,Отвод полиэтиленовый,500,Размер,1,dona,3388000,UZS,3388000,UZS,Absan Sanat,Truba va fitinglar,Фитинг полиэтиленовый,"OOO ""SANTEX MAKON""",2026-07-21,TRUE,FALSE
NG-0045,krestovina-90x90-absan-sanat,Крестовина 90x90 Absan Sanat,Крестовина,90x90,Размер,100,dona,121000,UZS,121000,UZS,Absan Sanat,Truba va fitinglar,Фитинг полиэтиленовый,"OOO ""SANTEX MAKON""",2026-07-21,TRUE,FALSE
NG-0046,krestovina-110x110-absan-sanat,Крестовина 110x110 Absan Sanat,Крестовина,110x110,Размер,70,dona,157300,UZS,157300,UZS,Absan Sanat,Truba va fitinglar,Фитинг полиэтиленовый,"OOO ""SANTEX MAKON""",2026-07-21,TRUE,FALSE
NG-0047,krestovina-160x160-absan-sanat,Крестовина 160x160 Absan Sanat,Крестовина,160x160,Размер,40,dona,387200,UZS,387200,UZS,Absan Sanat,Truba va fitinglar,Фитинг полиэтиленовый,"OOO ""SANTEX MAKON""",2026-07-21,TRUE,FALSE
NG-0048,krestovina-200x200-absan-sanat,Крестовина 200x200 Absan Sanat,Крестовина,200x200,Размер,36,dona,726000,UZS,726000,UZS,Absan Sanat,Truba va fitinglar,Фитинг полиэтиленовый,"OOO ""SANTEX MAKON""",2026-07-21,TRUE,FALSE
NG-0049,troynik-63-pn16-absan-sanat,Тройник 63 PN16 Absan Sanat,Тройник,63 PN16,Размер,30/10,dona,25410,UZS,25410,UZS,Absan Sanat,Truba va fitinglar,Фитинг полиэтиленовый,"OOO ""SANTEX MAKON""",2026-07-21,TRUE,FALSE
NG-0050,troynik-75-pn16-absan-sanat,Тройник 75 PN16 Absan Sanat,Тройник,75 PN16,Размер,30/20,dona,33880,UZS,33880,UZS,Absan Sanat,Truba va fitinglar,Фитинг полиэтиленовый,"OOO ""SANTEX MAKON""",2026-07-21,TRUE,FALSE
NG-0051,troynik-90-pn16-absan-sanat,Тройник 90 PN16 Absan Sanat,Тройник,90 PN16,Размер,12,dona,38720,UZS,38720,UZS,Absan Sanat,Truba va fitinglar,Фитинг полиэтиленовый,"OOO ""SANTEX MAKON""",2026-07-21,TRUE,FALSE
NG-0052,troynik-110-absan-sanat,Тройник 110 Absan Sanat,Тройник,110,Размер,12,dona,54450,UZS,54450,UZS,Absan Sanat,Truba va fitinglar,Фитинг полиэтиленовый,"OOO ""SANTEX MAKON""",2026-07-21,TRUE,FALSE
NG-0053,troynik-160-absan-sanat,Тройник 160 Absan Sanat,Тройник,160,Размер,6,dona,145200,UZS,145200,UZS,Absan Sanat,Truba va fitinglar,Фитинг полиэтиленовый,"OOO ""SANTEX MAKON""",2026-07-21,TRUE,FALSE
NG-0054,troynik-200-absan-sanat,Тройник 200 Absan Sanat,Тройник,200,Размер,4,dona,314600,UZS,314600,UZS,Absan Sanat,Truba va fitinglar,Фитинг полиэтиленовый,"OOO ""SANTEX MAKON""",2026-07-21,TRUE,FALSE
NG-0055,troynik-250-absan-sanat,Тройник 250 Absan Sanat,Тройник,250,Размер,2,dona,544500,UZS,544500,UZS,Absan Sanat,Truba va fitinglar,Фитинг полиэтиленовый,"OOO ""SANTEX MAKON""",2026-07-21,TRUE,FALSE
NG-0056,troynik-315-absan-sanat,Тройник 315 Absan Sanat,Тройник,315,Размер,1,dona,726000,UZS,726000,UZS,Absan Sanat,Truba va fitinglar,Фитинг полиэтиленовый,"OOO ""SANTEX MAKON""",2026-07-21,TRUE,FALSE
NG-0057,perehodnik-63x50-absan-sanat,Переходник 63x50 Absan Sanat,Переходник,63x50,Размер,100,dona,18150,UZS,18150,UZS,Absan Sanat,Truba va fitinglar,Фитинг полиэтиленовый,"OOO ""SANTEX MAKON""",2026-07-21,TRUE,FALSE
NG-0058,perehodnik-75x50-absan-sanat,Переходник 75x50 Absan Sanat,Переходник,75x50,Размер,50,dona,19360,UZS,19360,UZS,Absan Sanat,Truba va fitinglar,Фитинг полиэтиленовый,"OOO ""SANTEX MAKON""",2026-07-21,TRUE,FALSE
NG-0059,perehodnik-75x63-absan-sanat,Переходник 75x63 Absan Sanat,Переходник,75x63,Размер,50,dona,16940,UZS,16940,UZS,Absan Sanat,Truba va fitinglar,Фитинг полиэтиленовый,"OOO ""SANTEX MAKON""",2026-07-21,TRUE,FALSE
NG-0060,perehodnik-90x75-absan-sanat,Переходник 90x75 Absan Sanat,Переходник,90x75,Размер,30/20,dona,20570,UZS,20570,UZS,Absan Sanat,Truba va fitinglar,Фитинг полиэтиленовый,"OOO ""SANTEX MAKON""",2026-07-21,TRUE,FALSE
NG-0061,perehodnik-110x50-absan-sanat,Переходник 110x50 Absan Sanat,Переходник,110x50,Размер,20,dona,21780,UZS,21780,UZS,Absan Sanat,Truba va fitinglar,Фитинг полиэтиленовый,"OOO ""SANTEX MAKON""",2026-07-21,TRUE,FALSE
NG-0062,perehodnik-110x63-absan-sanat,Переходник 110x63 Absan Sanat,Переходник,110x63,Размер,20,dona,21780,UZS,21780,UZS,Absan Sanat,Truba va fitinglar,Фитинг полиэтиленовый,"OOO ""SANTEX MAKON""",2026-07-21,TRUE,FALSE
NG-0063,perehodnik-110x75-absan-sanat,Переходник 110x75 Absan Sanat,Переходник,110x75,Размер,20,dona,21780,UZS,21780,UZS,Absan Sanat,Truba va fitinglar,Фитинг полиэтиленовый,"OOO ""SANTEX MAKON""",2026-07-21,TRUE,FALSE
NG-0064,perehodnik-110x90-absan-sanat,Переходник 110x90 Absan Sanat,Переходник,110x90,Размер,,dona,30250,UZS,30250,UZS,Absan Sanat,Truba va fitinglar,Фитинг полиэтиленовый,"OOO ""SANTEX MAKON""",2026-07-21,TRUE,FALSE
NG-0065,perehodnik-160x90-absan-sanat,Переходник 160x90 Absan Sanat,Переходник,160x90,Размер,16,dona,54450,UZS,54450,UZS,Absan Sanat,Truba va fitinglar,Фитинг полиэтиленовый,"OOO ""SANTEX MAKON""",2026-07-21,TRUE,FALSE
NG-0066,perehodnik-160x110-absan-sanat,Переходник 160x110 Absan Sanat,Переходник,160x110,Размер,16,dona,48400,UZS,48400,UZS,Absan Sanat,Truba va fitinglar,Фитинг полиэтиленовый,"OOO ""SANTEX MAKON""",2026-07-21,TRUE,FALSE
NG-0067,perehodnik-200x110-absan-sanat,Переходник 200x110 Absan Sanat,Переходник,200x110,Размер,18,dona,96800,UZS,96800,UZS,Absan Sanat,Truba va fitinglar,Фитинг полиэтиленовый,"OOO ""SANTEX MAKON""",2026-07-21,TRUE,FALSE
NG-0068,perehodnik-200x160-absan-sanat,Переходник 200x160 Absan Sanat,Переходник,200x160,Размер,18,dona,145200,UZS,145200,UZS,Absan Sanat,Truba va fitinglar,Фитинг полиэтиленовый,"OOO ""SANTEX MAKON""",2026-07-21,TRUE,FALSE
NG-0069,perehodnik-250x160-absan-sanat,Переходник 250x160 Absan Sanat,Переходник,250x160,Размер,8,dona,217800,UZS,217800,UZS,Absan Sanat,Truba va fitinglar,Фитинг полиэтиленовый,"OOO ""SANTEX MAKON""",2026-07-21,TRUE,FALSE
NG-0070,perehodnik-250x200-absan-sanat,Переходник 250x200 Absan Sanat,Переходник,250x200,Размер,8,dona,242000,UZS,242000,UZS,Absan Sanat,Truba va fitinglar,Фитинг полиэтиленовый,"OOO ""SANTEX MAKON""",2026-07-21,TRUE,FALSE
NG-0071,perehodnik-315x250-absan-sanat,Переходник 315x250 Absan Sanat,Переходник,315x250,Размер,3/2,dona,544500,UZS,544500,UZS,Absan Sanat,Truba va fitinglar,Фитинг полиэтиленовый,"OOO ""SANTEX MAKON""",2026-07-21,TRUE,FALSE
NG-0072,troynik-perehodnik-63x50-absan-sanat,Тройник переходник 63x50 Absan Sanat,Тройник переходник,63x50,Размер,30/20,dona,30250,UZS,30250,UZS,Absan Sanat,Truba va fitinglar,Фитинг полиэтиленовый,"OOO ""SANTEX MAKON""",2026-07-21,TRUE,FALSE
NG-0073,troynik-perehodnik-75x50-absan-sanat,Тройник переходник 75x50 Absan Sanat,Тройник переходник,75x50,Размер,20,dona,33880,UZS,33880,UZS,Absan Sanat,Truba va fitinglar,Фитинг полиэтиленовый,"OOO ""SANTEX MAKON""",2026-07-21,TRUE,FALSE
NG-0074,troynik-perehodnik-75x63-absan-sanat,Тройник переходник 75x63 Absan Sanat,Тройник переходник,75x63,Размер,20,dona,33880,UZS,33880,UZS,Absan Sanat,Truba va fitinglar,Фитинг полиэтиленовый,"OOO ""SANTEX MAKON""",2026-07-21,TRUE,FALSE
NG-0075,troynik-perehodnik-90x75-absan-sanat,Тройник переходник 90x75 Absan Sanat,Тройник переходник,90x75,Размер,15,dona,54450,UZS,54450,UZS,Absan Sanat,Truba va fitinglar,Фитинг полиэтиленовый,"OOO ""SANTEX MAKON""",2026-07-21,TRUE,FALSE
NG-0076,troynik-perehodnik-110x50-absan-sanat,Тройник переходник 110x50 Absan Sanat,Тройник переходник,110x50,Размер,12,dona,50820,UZS,50820,UZS,Absan Sanat,Truba va fitinglar,Фитинг полиэтиленовый,"OOO ""SANTEX MAKON""",2026-07-21,TRUE,FALSE
NG-0077,troynik-perehodnik-110x63-absan-sanat,Тройник переходник 110x63 Absan Sanat,Тройник переходник,110x63,Размер,12,dona,50820,UZS,50820,UZS,Absan Sanat,Truba va fitinglar,Фитинг полиэтиленовый,"OOO ""SANTEX MAKON""",2026-07-21,TRUE,FALSE
NG-0078,troynik-perehodnik-110x75-absan-sanat,Тройник переходник 110x75 Absan Sanat,Тройник переходник,110x75,Размер,12,dona,50820,UZS,50820,UZS,Absan Sanat,Truba va fitinglar,Фитинг полиэтиленовый,"OOO ""SANTEX MAKON""",2026-07-21,TRUE,FALSE
NG-0079,troynik-perehodnik-110x90-absan-sanat,Тройник переходник 110x90 Absan Sanat,Тройник переходник,110x90,Размер,12,dona,50820,UZS,50820,UZS,Absan Sanat,Truba va fitinglar,Фитинг полиэтиленовый,"OOO ""SANTEX MAKON""",2026-07-21,TRUE,FALSE
NG-0080,troynik-perehodnik-160x90-absan-sanat,Тройник переходник 160x90 Absan Sanat,Тройник переходник,160x90,Размер,5,dona,114950,UZS,114950,UZS,Absan Sanat,Truba va fitinglar,Фитинг полиэтиленовый,"OOO ""SANTEX MAKON""",2026-07-21,TRUE,FALSE
NG-0081,troynik-perehodnik-200x110-absan-sanat,Тройник переходник 200x110 Absan Sanat,Тройник переходник,200x110,Размер,2,dona,314600,UZS,314600,UZS,Absan Sanat,Truba va fitinglar,Фитинг полиэтиленовый,"OOO ""SANTEX MAKON""",2026-07-21,TRUE,FALSE
NG-0082,troynik-perehodnik-250x200-absan-sanat,Тройник переходник 250x200 Absan Sanat,Тройник переходник,250x200,Размер,2,dona,556600,UZS,556600,UZS,Absan Sanat,Truba va fitinglar,Фитинг полиэтиленовый,"OOO ""SANTEX MAKON""",2026-07-21,TRUE,FALSE
NG-0083,troynik-perehodnik-315x250-absan-sanat,Тройник переходник 315x250 Absan Sanat,Тройник переходник,315x250,Размер,1,dona,968000,UZS,968000,UZS,Absan Sanat,Truba va fitinglar,Фитинг полиэтиленовый,"OOO ""SANTEX MAKON""",2026-07-21,TRUE,FALSE
NG-0084,pol-otvod-75-absan-sanat,Пол отвод 75 Absan Sanat,Пол отвод,75,Размер,25,dona,25410,UZS,25410,UZS,Absan Sanat,Truba va fitinglar,Фитинг полиэтиленовый,"OOO ""SANTEX MAKON""",2026-07-21,TRUE,FALSE
NG-0085,pol-otvod-90-absan-sanat,Пол отвод 90 Absan Sanat,Пол отвод,90,Размер,20,dona,36300,UZS,36300,UZS,Absan Sanat,Truba va fitinglar,Фитинг полиэтиленовый,"OOO ""SANTEX MAKON""",2026-07-21,TRUE,FALSE
NG-0086,pol-otvod-110-absan-sanat,Пол отвод 110 Absan Sanat,Пол отвод,110,Размер,,dona,50820,UZS,50820,UZS,Absan Sanat,Truba va fitinglar,Фитинг полиэтиленовый,"OOO ""SANTEX MAKON""",2026-07-21,TRUE,FALSE
NG-0087,pol-otvod-160-absan-sanat,Пол отвод 160 Absan Sanat,Пол отвод,160,Размер,10,dona,145200,UZS,145200,UZS,Absan Sanat,Truba va fitinglar,Фитинг полиэтиленовый,"OOO ""SANTEX MAKON""",2026-07-21,TRUE,FALSE
NG-0088,pol-otvod-200-absan-sanat,Пол отвод 200 Absan Sanat,Пол отвод,200,Размер,4,dona,266200,UZS,266200,UZS,Absan Sanat,Truba va fitinglar,Фитинг полиэтиленовый,"OOO ""SANTEX MAKON""",2026-07-21,TRUE,FALSE
NG-0089,pol-otvod-250-absan-sanat,Пол отвод 250 Absan Sanat,Пол отвод,250,Размер,2,dona,363000,UZS,363000,UZS,Absan Sanat,Truba va fitinglar,Фитинг полиэтиленовый,"OOO ""SANTEX MAKON""",2026-07-21,TRUE,FALSE
NG-0090,pol-otvod-315-absan-sanat,Пол отвод 315 Absan Sanat,Пол отвод,315,Размер,1,dona,786500,UZS,786500,UZS,Absan Sanat,Truba va fitinglar,Фитинг полиэтиленовый,"OOO ""SANTEX MAKON""",2026-07-21,TRUE,FALSE
NG-0091,zaglushka-63-absan-sanat,Заглушка 63 Absan Sanat,Заглушка,63,Размер,100,dona,13310,UZS,13310,UZS,Absan Sanat,Truba va fitinglar,Фитинг полиэтиленовый,"OOO ""SANTEX MAKON""",2026-07-21,TRUE,FALSE
NG-0092,zaglushka-75-absan-sanat,Заглушка 75 Absan Sanat,Заглушка,75,Размер,70,dona,15730,UZS,15730,UZS,Absan Sanat,Truba va fitinglar,Фитинг полиэтиленовый,"OOO ""SANTEX MAKON""",2026-07-21,TRUE,FALSE
NG-0093,zaglushka-90-absan-sanat,Заглушка 90 Absan Sanat,Заглушка,90,Размер,40,dona,18150,UZS,18150,UZS,Absan Sanat,Truba va fitinglar,Фитинг полиэтиленовый,"OOO ""SANTEX MAKON""",2026-07-21,TRUE,FALSE
NG-0094,zaglushka-110-absan-sanat,Заглушка 110 Absan Sanat,Заглушка,110,Размер,36,dona,23595,UZS,23595,UZS,Absan Sanat,Truba va fitinglar,Фитинг полиэтиленовый,"OOO ""SANTEX MAKON""",2026-07-21,TRUE,FALSE
NG-0095,zaglushka-160-absan-sanat,Заглушка 160 Absan Sanat,Заглушка,160,Размер,20,dona,30250,UZS,30250,UZS,Absan Sanat,Truba va fitinglar,Фитинг полиэтиленовый,"OOO ""SANTEX MAKON""",2026-07-21,TRUE,FALSE
NG-0096,zaglushka-200-absan-sanat,Заглушка 200 Absan Sanat,Заглушка,200,Размер,16,dona,48400,UZS,48400,UZS,Absan Sanat,Truba va fitinglar,Фитинг полиэтиленовый,"OOO ""SANTEX MAKON""",2026-07-21,TRUE,FALSE
NG-0097,vtulka-pod-flanets-adapter-20,Втулка под фланец (Адаптер) 20,Втулка под фланец (Адаптер),20,Размер,3000,dona,3025,UZS,3025,UZS,China,Truba va fitinglar,Фитинг полиэтиленовый,"OOO ""SANTEX MAKON""",2026-07-21,TRUE,FALSE
NG-0098,vtulka-pod-flanets-adapter-25,Втулка под фланец (Адаптер) 25,Втулка под фланец (Адаптер),25,Размер,1500,dona,3630,UZS,3630,UZS,China,Truba va fitinglar,Фитинг полиэтиленовый,"OOO ""SANTEX MAKON""",2026-07-21,TRUE,FALSE
NG-0099,vtulka-pod-flanets-adapter-32,Втулка под фланец (Адаптер) 32,Втулка под фланец (Адаптер),32,Размер,1000,dona,4840,UZS,4840,UZS,China,Truba va fitinglar,Фитинг полиэтиленовый,"OOO ""SANTEX MAKON""",2026-07-21,TRUE,FALSE
NG-0100,vtulka-pod-flanets-adapter-40,Втулка под фланец (Адаптер) 40,Втулка под фланец (Адаптер),40,Размер,500,dona,14520,UZS,14520,UZS,China,Truba va fitinglar,Фитинг полиэтиленовый,"OOO ""SANTEX MAKON""",2026-07-21,TRUE,FALSE
NG-0101,vtulka-pod-flanets-adapter-50,Втулка под фланец (Адаптер) 50,Втулка под фланец (Адаптер),50,Размер,200,dona,15730,UZS,15730,UZS,China,Truba va fitinglar,Фитинг полиэтиленовый,"OOO ""SANTEX MAKON""",2026-07-21,TRUE,FALSE
NG-0102,vtulka-pod-flanets-adapter-63,Втулка под фланец (Адаптер) 63,Втулка под фланец (Адаптер),63,Размер,120,dona,18150,UZS,18150,UZS,China,Truba va fitinglar,Фитинг полиэтиленовый,"OOO ""SANTEX MAKON""",2026-07-21,TRUE,FALSE
NG-0103,vtulka-pod-flanets-adapter-75,Втулка под фланец (Адаптер) 75,Втулка под фланец (Адаптер),75,Размер,90,dona,21780,UZS,21780,UZS,China,Truba va fitinglar,Фитинг полиэтиленовый,"OOO ""SANTEX MAKON""",2026-07-21,TRUE,FALSE
NG-0104,vtulka-pod-flanets-adapter-90,Втулка под фланец (Адаптер) 90,Втулка под фланец (Адаптер),90,Размер,70,dona,24200,UZS,24200,UZS,China,Truba va fitinglar,Фитинг полиэтиленовый,"OOO ""SANTEX MAKON""",2026-07-21,TRUE,FALSE
NG-0105,vtulka-pod-flanets-adapter-110,Втулка под фланец (Адаптер) 110,Втулка под фланец (Адаптер),110,Размер,40,dona,27830,UZS,27830,UZS,China,Truba va fitinglar,Фитинг полиэтиленовый,"OOO ""SANTEX MAKON""",2026-07-21,TRUE,FALSE
NG-0106,vtulka-pod-flanets-adapter-125,Втулка под фланец (Адаптер) 125,Втулка под фланец (Адаптер),125,Размер,36,dona,42350,UZS,42350,UZS,China,Truba va fitinglar,Фитинг полиэтиленовый,"OOO ""SANTEX MAKON""",2026-07-21,TRUE,FALSE
NG-0107,vtulka-pod-flanets-adapter-140,Втулка под фланец (Адаптер) 140,Втулка под фланец (Адаптер),140,Размер,21,dona,48400,UZS,48400,UZS,China,Truba va fitinglar,Фитинг полиэтиленовый,"OOO ""SANTEX MAKON""",2026-07-21,TRUE,FALSE
NG-0108,vtulka-pod-flanets-adapter-160,Втулка под фланец (Адаптер) 160,Втулка под фланец (Адаптер),160,Размер,12,dona,54450,UZS,54450,UZS,China,Truba va fitinglar,Фитинг полиэтиленовый,"OOO ""SANTEX MAKON""",2026-07-21,TRUE,FALSE
NG-0109,vtulka-pod-flanets-adapter-180,Втулка под фланец (Адаптер) 180,Втулка под фланец (Адаптер),180,Размер,12,dona,96800,UZS,96800,UZS,China,Truba va fitinglar,Фитинг полиэтиленовый,"OOO ""SANTEX MAKON""",2026-07-21,TRUE,FALSE
NG-0110,vtulka-pod-flanets-adapter-200,Втулка под фланец (Адаптер) 200,Втулка под фланец (Адаптер),200,Размер,10,dona,108900,UZS,108900,UZS,China,Truba va fitinglar,Фитинг полиэтиленовый,"OOO ""SANTEX MAKON""",2026-07-21,TRUE,FALSE
NG-0111,vtulka-pod-flanets-adapter-250,Втулка под фланец (Адаптер) 250,Втулка под фланец (Адаптер),250,Размер,10,dona,181500,UZS,181500,UZS,China,Truba va fitinglar,Фитинг полиэтиленовый,"OOO ""SANTEX MAKON""",2026-07-21,TRUE,FALSE
NG-0112,vtulka-pod-flanets-adapter-280,Втулка под фланец (Адаптер) 280,Втулка под фланец (Адаптер),280,Размер,20,dona,290400,UZS,290400,UZS,China,Truba va fitinglar,Фитинг полиэтиленовый,"OOO ""SANTEX MAKON""",2026-07-21,TRUE,FALSE
NG-0113,vtulka-pod-flanets-adapter-315,Втулка под фланец (Адаптер) 315,Втулка под фланец (Адаптер),315,Размер,10,dona,290400,UZS,290400,UZS,China,Truba va fitinglar,Фитинг полиэтиленовый,"OOO ""SANTEX MAKON""",2026-07-21,TRUE,FALSE
NG-0114,troynik-50x50x50,Тройник 50x50x50,Тройник,50x50x50,Размер,160,dona,14520,UZS,14520,UZS,China,Truba va fitinglar,Фитинг полиэтиленовый,"OOO ""SANTEX MAKON""",2026-07-21,TRUE,FALSE
NG-0115,troynik-63x63x63,Тройник 63x63x63,Тройник,63x63x63,Размер,60,dona,19360,UZS,19360,UZS,China,Truba va fitinglar,Фитинг полиэтиленовый,"OOO ""SANTEX MAKON""",2026-07-21,TRUE,FALSE
NG-0116,troynik-75x75x75,Тройник 75x75x75,Тройник,75x75x75,Размер,30,dona,30250,UZS,30250,UZS,China,Truba va fitinglar,Фитинг полиэтиленовый,"OOO ""SANTEX MAKON""",2026-07-21,TRUE,FALSE
NG-0117,troynik-90x90x90,Тройник 90x90x90,Тройник,90x90x90,Размер,20,dona,42350,UZS,42350,UZS,China,Truba va fitinglar,Фитинг полиэтиленовый,"OOO ""SANTEX MAKON""",2026-07-21,TRUE,FALSE
NG-0118,troynik-110x110x110,Тройник 110x110x110,Тройник,110x110x110,Размер,14,dona,60500,UZS,60500,UZS,China,Truba va fitinglar,Фитинг полиэтиленовый,"OOO ""SANTEX MAKON""",2026-07-21,TRUE,FALSE
NG-0119,troynik-125x125x125,Тройник 125x125x125,Тройник,125x125x125,Размер,12,dona,96800,UZS,96800,UZS,China,Truba va fitinglar,Фитинг полиэтиленовый,"OOO ""SANTEX MAKON""",2026-07-21,TRUE,FALSE
NG-0120,troynik-140x140x140,Тройник 140x140x140,Тройник,140x140x140,Размер,12,dona,139150,UZS,139150,UZS,China,Truba va fitinglar,Фитинг полиэтиленовый,"OOO ""SANTEX MAKON""",2026-07-21,TRUE,FALSE
NG-0121,troynik-160x160x160,Тройник 160x160x160,Тройник,160x160x160,Размер,5,dona,151250,UZS,151250,UZS,China,Truba va fitinglar,Фитинг полиэтиленовый,"OOO ""SANTEX MAKON""",2026-07-21,TRUE,FALSE
NG-0122,troynik-180x180x180,Тройник 180x180x180,Тройник,180x180x180,Размер,5,dona,266200,UZS,266200,UZS,China,Truba va fitinglar,Фитинг полиэтиленовый,"OOO ""SANTEX MAKON""",2026-07-21,TRUE,FALSE
NG-0123,troynik-200x200x200,Тройник 200x200x200,Тройник,200x200x200,Размер,5,dona,302500,UZS,302500,UZS,China,Truba va fitinglar,Фитинг полиэтиленовый,"OOO ""SANTEX MAKON""",2026-07-21,TRUE,FALSE
NG-0124,troynik-250x250x250,Тройник 250x250x250,Тройник,250x250x250,Размер,10,dona,544500,UZS,544500,UZS,China,Truba va fitinglar,Фитинг полиэтиленовый,"OOO ""SANTEX MAKON""",2026-07-21,TRUE,FALSE
NG-0125,troynik-315x315x315,Тройник 315x315x315,Тройник,315x315x315,Размер,6,dona,1028500,UZS,1028500,UZS,China,Truba va fitinglar,Фитинг полиэтиленовый,"OOO ""SANTEX MAKON""",2026-07-21,TRUE,FALSE
NG-0126,troynik-400x400x400,Тройник 400x400x400,Тройник,400x400x400,Размер,4,dona,2662000,UZS,2662000,UZS,China,Truba va fitinglar,Фитинг полиэтиленовый,"OOO ""SANTEX MAKON""",2026-07-21,TRUE,FALSE
NG-0127,troynik-500x500x500,Тройник 500x500x500,Тройник,500x500x500,Размер,2,dona,5142500,UZS,5142500,UZS,China,Truba va fitinglar,Фитинг полиэтиленовый,"OOO ""SANTEX MAKON""",2026-07-21,TRUE,FALSE
NG-0128,otvod-50x50,Отвод 50x50,Отвод,50x50,Размер,200,dona,8470,UZS,8470,UZS,China,Truba va fitinglar,Фитинг полиэтиленовый,"OOO ""SANTEX MAKON""",2026-07-21,TRUE,FALSE
NG-0129,otvod-63x63,Отвод 63x63,Отвод,63x63,Размер,80,dona,13310,UZS,13310,UZS,China,Truba va fitinglar,Фитинг полиэтиленовый,"OOO ""SANTEX MAKON""",2026-07-21,TRUE,FALSE
NG-0130,otvod-75x75,Отвод 75x75,Отвод,75x75,Размер,50,dona,18755,UZS,18755,UZS,China,Truba va fitinglar,Фитинг полиэтиленовый,"OOO ""SANTEX MAKON""",2026-07-21,TRUE,FALSE
NG-0131,otvod-90x90,Отвод 90x90,Отвод,90x90,Размер,36,dona,27830,UZS,27830,UZS,China,Truba va fitinglar,Фитинг полиэтиленовый,"OOO ""SANTEX MAKON""",2026-07-21,TRUE,FALSE
NG-0132,otvod-110x110,Отвод 110x110,Отвод,110x110,Размер,20,dona,43560,UZS,43560,UZS,China,Truba va fitinglar,Фитинг полиэтиленовый,"OOO ""SANTEX MAKON""",2026-07-21,TRUE,FALSE
NG-0133,otvod-125x125,Отвод 125x125,Отвод,125x125,Размер,20,dona,96800,UZS,96800,UZS,China,Truba va fitinglar,Фитинг полиэтиленовый,"OOO ""SANTEX MAKON""",2026-07-21,TRUE,FALSE
NG-0134,otvod-140x140,Отвод 140x140,Отвод,140x140,Размер,14,dona,121000,UZS,121000,UZS,China,Truba va fitinglar,Фитинг полиэтиленовый,"OOO ""SANTEX MAKON""",2026-07-21,TRUE,FALSE
NG-0135,otvod-160x160,Отвод 160x160,Отвод,160x160,Размер,10,dona,127050,UZS,127050,UZS,China,Truba va fitinglar,Фитинг полиэтиленовый,"OOO ""SANTEX MAKON""",2026-07-21,TRUE,FALSE
NG-0136,otvod-180x180,Отвод 180x180,Отвод,180x180,Размер,8,dona,223850,UZS,223850,UZS,China,Truba va fitinglar,Фитинг полиэтиленовый,"OOO ""SANTEX MAKON""",2026-07-21,TRUE,FALSE
NG-0137,otvod-200x200,Отвод 200x200,Отвод,200x200,Размер,6,dona,229900,UZS,229900,UZS,China,Truba va fitinglar,Фитинг полиэтиленовый,"OOO ""SANTEX MAKON""",2026-07-21,TRUE,FALSE
NG-0138,otvod-250x250,Отвод 250x250,Отвод,250x250,Размер,3,dona,363000,UZS,363000,UZS,China,Truba va fitinglar,Фитинг полиэтиленовый,"OOO ""SANTEX MAKON""",2026-07-21,TRUE,FALSE
NG-0139,otvod-280x280,Отвод 280x280,Отвод,280x280,Размер,10,dona,713900,UZS,713900,UZS,China,Truba va fitinglar,Фитинг полиэтиленовый,"OOO ""SANTEX MAKON""",2026-07-21,TRUE,FALSE
NG-0140,otvod-315x315,Отвод 315x315,Отвод,315x315,Размер,6,dona,786500,UZS,786500,UZS,China,Truba va fitinglar,Фитинг полиэтиленовый,"OOO ""SANTEX MAKON""",2026-07-21,TRUE,FALSE
NG-0141,otvod-400x400,Отвод 400x400,Отвод,400x400,Размер,4,dona,1815000,UZS,1815000,UZS,China,Truba va fitinglar,Фитинг полиэтиленовый,"OOO ""SANTEX MAKON""",2026-07-21,TRUE,FALSE
NG-0142,pol-otvod-50x50,Пол отвод 50x50,Пол отвод,50x50,Размер,200,dona,13310,UZS,13310,UZS,China,Truba va fitinglar,Фитинг полиэтиленовый,"OOO ""SANTEX MAKON""",2026-07-21,TRUE,FALSE
NG-0143,pol-otvod-63x63,Пол отвод 63x63,Пол отвод,63x63,Размер,160,dona,16335,UZS,16335,UZS,China,Truba va fitinglar,Фитинг полиэтиленовый,"OOO ""SANTEX MAKON""",2026-07-21,TRUE,FALSE
NG-0144,pol-otvod-75x75,Пол отвод 75x75,Пол отвод,75x75,Размер,80,dona,26620,UZS,26620,UZS,China,Truba va fitinglar,Фитинг полиэтиленовый,"OOO ""SANTEX MAKON""",2026-07-21,TRUE,FALSE
NG-0145,pol-otvod-90x90,Пол отвод 90x90,Пол отвод,90x90,Размер,50,dona,27830,UZS,27830,UZS,China,Truba va fitinglar,Фитинг полиэтиленовый,"OOO ""SANTEX MAKON""",2026-07-21,TRUE,FALSE
NG-0146,pol-otvod-110x110,Пол отвод 110x110,Пол отвод,110x110,Размер,30,dona,38720,UZS,38720,UZS,China,Truba va fitinglar,Фитинг полиэтиленовый,"OOO ""SANTEX MAKON""",2026-07-21,TRUE,FALSE
NG-0147,pol-otvod-125x125,Пол отвод 125x125,Пол отвод,125x125,Размер,24,dona,84700,UZS,84700,UZS,China,Truba va fitinglar,Фитинг полиэтиленовый,"OOO ""SANTEX MAKON""",2026-07-21,TRUE,FALSE
NG-0148,pol-otvod-140x140,Пол отвод 140x140,Пол отвод,140x140,Размер,18,dona,133100,UZS,133100,UZS,China,Truba va fitinglar,Фитинг полиэтиленовый,"OOO ""SANTEX MAKON""",2026-07-21,TRUE,FALSE
NG-0149,pol-otvod-160x160,Пол отвод 160x160,Пол отвод,160x160,Размер,12,dona,145200,UZS,145200,UZS,China,Truba va fitinglar,Фитинг полиэтиленовый,"OOO ""SANTEX MAKON""",2026-07-21,TRUE,FALSE
NG-0150,pol-otvod-180x180,Пол отвод 180x180,Пол отвод,180x180,Размер,10,dona,169400,UZS,169400,UZS,China,Truba va fitinglar,Фитинг полиэтиленовый,"OOO ""SANTEX MAKON""",2026-07-21,TRUE,FALSE
NG-0151,pol-otvod-200x200,Пол отвод 200x200,Пол отвод,200x200,Размер,8,dona,193600,UZS,193600,UZS,China,Truba va fitinglar,Фитинг полиэтиленовый,"OOO ""SANTEX MAKON""",2026-07-21,TRUE,FALSE
NG-0152,pol-otvod-250x250,Пол отвод 250x250,Пол отвод,250x250,Размер,6,dona,278300,UZS,278300,UZS,China,Truba va fitinglar,Фитинг полиэтиленовый,"OOO ""SANTEX MAKON""",2026-07-21,TRUE,FALSE
NG-0153,pol-otvod-315x315,Пол отвод 315x315,Пол отвод,315x315,Размер,3,dona,544500,UZS,544500,UZS,China,Truba va fitinglar,Фитинг полиэтиленовый,"OOO ""SANTEX MAKON""",2026-07-21,TRUE,FALSE
NG-0154,pol-otvod-400x400,Пол отвод 400x400,Пол отвод,400x400,Размер,2,dona,1331000,UZS,1331000,UZS,China,Truba va fitinglar,Фитинг полиэтиленовый,"OOO ""SANTEX MAKON""",2026-07-21,TRUE,FALSE
NG-0155,pol-otvod-500x500,Пол отвод 500x500,Пол отвод,500x500,Размер,4,dona,2420000,UZS,2420000,UZS,China,Truba va fitinglar,Фитинг полиэтиленовый,"OOO ""SANTEX MAKON""",2026-07-21,TRUE,FALSE
NG-0156,mufta-20x20,Муфта 20x20,Муфта,20x20,Размер,2500,dona,2420,UZS,2420,UZS,China,Truba va fitinglar,Фитинг полиэтиленовый,"OOO ""SANTEX MAKON""",2026-07-21,TRUE,FALSE
NG-0157,mufta-25x25,Муфта 25x25,Муфта,25x25,Размер,1500,dona,3630,UZS,3630,UZS,China,Truba va fitinglar,Фитинг полиэтиленовый,"OOO ""SANTEX MAKON""",2026-07-21,TRUE,FALSE
NG-0158,mufta-32x32,Муфта 32x32,Муфта,32x32,Размер,800,dona,4235,UZS,4235,UZS,China,Truba va fitinglar,Фитинг полиэтиленовый,"OOO ""SANTEX MAKON""",2026-07-21,TRUE,FALSE
NG-0159,mufta-40x40,Муфта 40x40,Муфта,40x40,Размер,500,dona,7260,UZS,7260,UZS,China,Truba va fitinglar,Фитинг полиэтиленовый,"OOO ""SANTEX MAKON""",2026-07-21,TRUE,FALSE
NG-0160,mufta-50x50,Муфта 50x50,Муфта,50x50,Размер,420,dona,10890,UZS,10890,UZS,China,Truba va fitinglar,Фитинг полиэтиленовый,"OOO ""SANTEX MAKON""",2026-07-21,TRUE,FALSE
NG-0161,mufta-63x63,Муфта 63x63,Муфта,63x63,Размер,240,dona,14520,UZS,14520,UZS,China,Truba va fitinglar,Фитинг полиэтиленовый,"OOO ""SANTEX MAKON""",2026-07-21,TRUE,FALSE
NG-0162,mufta-75x75,Муфта 75x75,Муфта,75x75,Размер,150,dona,19360,UZS,19360,UZS,China,Truba va fitinglar,Фитинг полиэтиленовый,"OOO ""SANTEX MAKON""",2026-07-21,TRUE,FALSE
NG-0163,mufta-90x90,Муфта 90x90,Муфта,90x90,Размер,90,dona,30250,UZS,30250,UZS,China,Truba va fitinglar,Фитинг полиэтиленовый,"OOO ""SANTEX MAKON""",2026-07-21,TRUE,FALSE
NG-0164,mufta-110x110,Муфта 110x110,Муфта,110x110,Размер,70,dona,48400,UZS,48400,UZS,China,Truba va fitinglar,Фитинг полиэтиленовый,"OOO ""SANTEX MAKON""",2026-07-21,TRUE,FALSE
NG-0165,zaglushka-50x50,Заглушка 50x50,Заглушка,50x50,Размер,600,dona,10890,UZS,10890,UZS,China,Truba va fitinglar,Фитинг полиэтиленовый,"OOO ""SANTEX MAKON""",2026-07-21,TRUE,FALSE
NG-0166,zaglushka-63x63,Заглушка 63x63,Заглушка,63x63,Размер,300,dona,12100,UZS,12100,UZS,China,Truba va fitinglar,Фитинг полиэтиленовый,"OOO ""SANTEX MAKON""",2026-07-21,TRUE,FALSE
NG-0167,zaglushka-75x75,Заглушка 75x75,Заглушка,75x75,Размер,18,dona,13310,UZS,13310,UZS,China,Truba va fitinglar,Фитинг полиэтиленовый,"OOO ""SANTEX MAKON""",2026-07-21,TRUE,FALSE
NG-0168,zaglushka-90x90,Заглушка 90x90,Заглушка,90x90,Размер,90,dona,16940,UZS,16940,UZS,China,Truba va fitinglar,Фитинг полиэтиленовый,"OOO ""SANTEX MAKON""",2026-07-21,TRUE,FALSE
NG-0169,zaglushka-110x110,Заглушка 110x110,Заглушка,110x110,Размер,50,dona,24200,UZS,24200,UZS,China,Truba va fitinglar,Фитинг полиэтиленовый,"OOO ""SANTEX MAKON""",2026-07-21,TRUE,FALSE
NG-0170,zaglushka-125x125,Заглушка 125x125,Заглушка,125x125,Размер,30,dona,36300,UZS,36300,UZS,China,Truba va fitinglar,Фитинг полиэтиленовый,"OOO ""SANTEX MAKON""",2026-07-21,TRUE,FALSE
NG-0171,zaglushka-140x140,Заглушка 140x140,Заглушка,140x140,Размер,0,dona,36300,UZS,36300,UZS,China,Truba va fitinglar,Фитинг полиэтиленовый,"OOO ""SANTEX MAKON""",2026-07-21,TRUE,FALSE
NG-0172,zaglushka-160x160,Заглушка 160x160,Заглушка,160x160,Размер,24,dona,48400,UZS,48400,UZS,China,Truba va fitinglar,Фитинг полиэтиленовый,"OOO ""SANTEX MAKON""",2026-07-21,TRUE,FALSE
NG-0173,zaglushka-180x180,Заглушка 180x180,Заглушка,180x180,Размер,20,dona,72600,UZS,72600,UZS,China,Truba va fitinglar,Фитинг полиэтиленовый,"OOO ""SANTEX MAKON""",2026-07-21,TRUE,FALSE
NG-0174,zaglushka-200x200,Заглушка 200x200,Заглушка,200x200,Размер,14,dona,84700,UZS,84700,UZS,China,Truba va fitinglar,Фитинг полиэтиленовый,"OOO ""SANTEX MAKON""",2026-07-21,TRUE,FALSE
NG-0175,zaglushka-250x250,Заглушка 250x250,Заглушка,250x250,Размер,12,dona,193600,UZS,193600,UZS,China,Truba va fitinglar,Фитинг полиэтиленовый,"OOO ""SANTEX MAKON""",2026-07-21,TRUE,FALSE
NG-0176,zaglushka-315x315,Заглушка 315x315,Заглушка,315x315,Размер,5,dona,338800,UZS,338800,UZS,China,Truba va fitinglar,Фитинг полиэтиленовый,"OOO ""SANTEX MAKON""",2026-07-21,TRUE,FALSE
NG-0177,perehodnik-50x20,Переходник 50x20,Переходник,50x20,Размер,400,dona,7865,UZS,7865,UZS,China,Truba va fitinglar,Фитинг полиэтиленовый,"OOO ""SANTEX MAKON""",2026-07-21,TRUE,FALSE
NG-0178,perehodnik-50x25,Переходник 50x25,Переходник,50x25,Размер,400,dona,8228,UZS,8228,UZS,China,Truba va fitinglar,Фитинг полиэтиленовый,"OOO ""SANTEX MAKON""",2026-07-21,TRUE,FALSE
NG-0179,perehodnik-50x32,Переходник 50x32,Переходник,50x32,Размер,340,dona,9075,UZS,9075,UZS,China,Truba va fitinglar,Фитинг полиэтиленовый,"OOO ""SANTEX MAKON""",2026-07-21,TRUE,FALSE
NG-0180,perehodnik-50x40,Переходник 50x40,Переходник,50x40,Размер,300,dona,12100,UZS,12100,UZS,China,Truba va fitinglar,Фитинг полиэтиленовый,"OOO ""SANTEX MAKON""",2026-07-21,TRUE,FALSE
NG-0181,perehodnik-75x50,Переходник 75x50,Переходник,75x50,Размер,120,dona,12100,UZS,12100,UZS,China,Truba va fitinglar,Фитинг полиэтиленовый,"OOO ""SANTEX MAKON""",2026-07-21,TRUE,FALSE
NG-0182,perehodnik-75x63,Переходник 75x63,Переходник,75x63,Размер,110,dona,12100,UZS,12100,UZS,China,Truba va fitinglar,Фитинг полиэтиленовый,"OOO ""SANTEX MAKON""",2026-07-21,TRUE,FALSE
NG-0183,perehodnik-90x40,Переходник 90x40,Переходник,90x40,Размер,60,dona,19360,UZS,19360,UZS,China,Truba va fitinglar,Фитинг полиэтиленовый,"OOO ""SANTEX MAKON""",2026-07-21,TRUE,FALSE
NG-0184,perehodnik-90x50,Переходник 90x50,Переходник,90x50,Размер,60,dona,19360,UZS,19360,UZS,China,Truba va fitinglar,Фитинг полиэтиленовый,"OOO ""SANTEX MAKON""",2026-07-21,TRUE,FALSE
NG-0185,perehodnik-90x63,Переходник 90x63,Переходник,90x63,Размер,60,dona,20570,UZS,20570,UZS,China,Truba va fitinglar,Фитинг полиэтиленовый,"OOO ""SANTEX MAKON""",2026-07-21,TRUE,FALSE
NG-0186,perehodnik-90x75,Переходник 90x75,Переходник,90x75,Размер,60,dona,20570,UZS,20570,UZS,China,Truba va fitinglar,Фитинг полиэтиленовый,"OOO ""SANTEX MAKON""",2026-07-21,TRUE,FALSE
NG-0187,perehodnik-110x40,Переходник 110x40,Переходник,110x40,Размер,50,dona,21780,UZS,21780,UZS,China,Truba va fitinglar,Фитинг полиэтиленовый,"OOO ""SANTEX MAKON""",2026-07-21,TRUE,FALSE
NG-0188,perehodnik-110x50,Переходник 110x50,Переходник,110x50,Размер,50,dona,21780,UZS,21780,UZS,China,Truba va fitinglar,Фитинг полиэтиленовый,"OOO ""SANTEX MAKON""",2026-07-21,TRUE,FALSE
NG-0189,perehodnik-110x63,Переходник 110x63,Переходник,110x63,Размер,50,dona,26620,UZS,26620,UZS,China,Truba va fitinglar,Фитинг полиэтиленовый,"OOO ""SANTEX MAKON""",2026-07-21,TRUE,FALSE
NG-0190,perehodnik-110x75,Переходник 110x75,Переходник,110x75,Размер,50,dona,27830,UZS,27830,UZS,China,Truba va fitinglar,Фитинг полиэтиленовый,"OOO ""SANTEX MAKON""",2026-07-21,TRUE,FALSE
NG-0191,perehodnik-110x90,Переходник 110x90,Переходник,110x90,Размер,50,dona,30250,UZS,30250,UZS,China,Truba va fitinglar,Фитинг полиэтиленовый,"OOO ""SANTEX MAKON""",2026-07-21,TRUE,FALSE
NG-0192,perehodnik-125x110,Переходник 125x110,Переходник,125x110,Размер,36,dona,42350,UZS,42350,UZS,China,Truba va fitinglar,Фитинг полиэтиленовый,"OOO ""SANTEX MAKON""",2026-07-21,TRUE,FALSE
NG-0193,perehodnik-140x110,Переходник 140x110,Переходник,140x110,Размер,45,dona,60500,UZS,60500,UZS,China,Truba va fitinglar,Фитинг полиэтиленовый,"OOO ""SANTEX MAKON""",2026-07-21,TRUE,FALSE
NG-0194,perehodnik-140x125,Переходник 140x125,Переходник,140x125,Размер,40,dona,72600,UZS,72600,UZS,China,Truba va fitinglar,Фитинг полиэтиленовый,"OOO ""SANTEX MAKON""",2026-07-21,TRUE,FALSE
NG-0195,perehodnik-160x90,Переходник 160x90,Переходник,160x90,Размер,24,dona,60500,UZS,60500,UZS,China,Truba va fitinglar,Фитинг полиэтиленовый,"OOO ""SANTEX MAKON""",2026-07-21,TRUE,FALSE
NG-0196,perehodnik-160x110,Переходник 160x110,Переходник,160x110,Размер,24,dona,60500,UZS,60500,UZS,China,Truba va fitinglar,Фитинг полиэтиленовый,"OOO ""SANTEX MAKON""",2026-07-21,TRUE,FALSE
NG-0197,perehodnik-160x125,Переходник 160x125,Переходник,160x125,Размер,24,dona,72600,UZS,72600,UZS,China,Truba va fitinglar,Фитинг полиэтиленовый,"OOO ""SANTEX MAKON""",2026-07-21,TRUE,FALSE
NG-0198,perehodnik-160x140,Переходник 160x140,Переходник,160x140,Размер,15,dona,72600,UZS,72600,UZS,China,Truba va fitinglar,Фитинг полиэтиленовый,"OOO ""SANTEX MAKON""",2026-07-21,TRUE,FALSE
NG-0199,perehodnik-180x110,Переходник 180x110,Переходник,180x110,Размер,20,dona,96800,UZS,96800,UZS,China,Truba va fitinglar,Фитинг полиэтиленовый,"OOO ""SANTEX MAKON""",2026-07-21,TRUE,FALSE
NG-0200,perehodnik-180x125,Переходник 180x125,Переходник,180x125,Размер,20,dona,96800,UZS,96800,UZS,China,Truba va fitinglar,Фитинг полиэтиленовый,"OOO ""SANTEX MAKON""",2026-07-21,TRUE,FALSE
NG-0201,perehodnik-180x140,Переходник 180x140,Переходник,180x140,Размер,20,dona,96800,UZS,96800,UZS,China,Truba va fitinglar,Фитинг полиэтиленовый,"OOO ""SANTEX MAKON""",2026-07-21,TRUE,FALSE
NG-0202,perehodnik-180x160,Переходник 180x160,Переходник,180x160,Размер,12,dona,96800,UZS,96800,UZS,China,Truba va fitinglar,Фитинг полиэтиленовый,"OOO ""SANTEX MAKON""",2026-07-21,TRUE,FALSE
NG-0203,perehodnik-200x90,Переходник 200x90,Переходник,200x90,Размер,14,dona,96800,UZS,96800,UZS,China,Truba va fitinglar,Фитинг полиэтиленовый,"OOO ""SANTEX MAKON""",2026-07-21,TRUE,FALSE
NG-0204,perehodnik-200x110,Переходник 200x110,Переходник,200x110,Размер,14,dona,96800,UZS,96800,UZS,China,Truba va fitinglar,Фитинг полиэтиленовый,"OOO ""SANTEX MAKON""",2026-07-21,TRUE,FALSE
NG-0205,perehodnik-200x125,Переходник 200x125,Переходник,200x125,Размер,14,dona,108900,UZS,108900,UZS,China,Truba va fitinglar,Фитинг полиэтиленовый,"OOO ""SANTEX MAKON""",2026-07-21,TRUE,FALSE
NG-0206,perehodnik-200x140,Переходник 200x140,Переходник,200x140,Размер,14,dona,108900,UZS,108900,UZS,China,Truba va fitinglar,Фитинг полиэтиленовый,"OOO ""SANTEX MAKON""",2026-07-21,TRUE,FALSE
NG-0207,perehodnik-200x160,Переходник 200x160,Переходник,200x160,Размер,14,dona,121000,UZS,121000,UZS,China,Truba va fitinglar,Фитинг полиэтиленовый,"OOO ""SANTEX MAKON""",2026-07-21,TRUE,FALSE
NG-0208,perehodnik-200x180,Переходник 200x180,Переходник,200x180,Размер,8,dona,133100,UZS,133100,UZS,China,Truba va fitinglar,Фитинг полиэтиленовый,"OOO ""SANTEX MAKON""",2026-07-21,TRUE,FALSE
NG-0209,perehodnik-250x110,Переходник 250x110,Переходник,250x110,Размер,12,dona,169400,UZS,169400,UZS,China,Truba va fitinglar,Фитинг полиэтиленовый,"OOO ""SANTEX MAKON""",2026-07-21,TRUE,FALSE
NG-0210,perehodnik-250x160,Переходник 250x160,Переходник,250x160,Размер,12,dona,181500,UZS,181500,UZS,China,Truba va fitinglar,Фитинг полиэтиленовый,"OOO ""SANTEX MAKON""",2026-07-21,TRUE,FALSE
NG-0211,perehodnik-250x200,Переходник 250x200,Переходник,250x200,Размер,12,dona,193600,UZS,193600,UZS,China,Truba va fitinglar,Фитинг полиэтиленовый,"OOO ""SANTEX MAKON""",2026-07-21,TRUE,FALSE
NG-0212,perehodnik-315x110,Переходник 315x110,Переходник,315x110,Размер,5,dona,278300,UZS,278300,UZS,China,Truba va fitinglar,Фитинг полиэтиленовый,"OOO ""SANTEX MAKON""",2026-07-21,TRUE,FALSE
NG-0213,perehodnik-315x200,Переходник 315x200,Переходник,315x200,Размер,5,dona,290400,UZS,290400,UZS,China,Truba va fitinglar,Фитинг полиэтиленовый,"OOO ""SANTEX MAKON""",2026-07-21,TRUE,FALSE
NG-0214,perehodnik-315x250,Переходник 315x250,Переходник,315x250,Размер,5,dona,302500,UZS,302500,UZS,China,Truba va fitinglar,Фитинг полиэтиленовый,"OOO ""SANTEX MAKON""",2026-07-21,TRUE,FALSE
NG-0215,perehodnik-400x200,Переходник 400x200,Переходник,400x200,Размер,5,dona,1150000,UZS,1150000,UZS,China,Truba va fitinglar,Фитинг полиэтиленовый,"OOO ""SANTEX MAKON""",2026-07-21,TRUE,FALSE
NG-0216,perehodnik-400x250,Переходник 400x250,Переходник,400x250,Размер,5,dona,1150000,UZS,1150000,UZS,China,Truba va fitinglar,Фитинг полиэтиленовый,"OOO ""SANTEX MAKON""",2026-07-21,TRUE,FALSE
NG-0217,perehodnik-400x315,Переходник 400x315,Переходник,400x315,Размер,5,dona,1150000,UZS,1150000,UZS,China,Truba va fitinglar,Фитинг полиэтиленовый,"OOO ""SANTEX MAKON""",2026-07-21,TRUE,FALSE
NG-0218,perehodnik-500x400,Переходник 500x400,Переходник,500x400,Размер,5,dona,1573000,UZS,1573000,UZS,China,Truba va fitinglar,Фитинг полиэтиленовый,"OOO ""SANTEX MAKON""",2026-07-21,TRUE,FALSE
NG-0219,troynik-perehodnik-63x50x63,Тройник переходник 63x50x63,Тройник переходник,63x50x63,Размер,50,dona,30250,UZS,30250,UZS,China,Truba va fitinglar,Фитинг полиэтиленовый,"OOO ""SANTEX MAKON""",2026-07-21,TRUE,FALSE
NG-0220,troynik-perehodnik-75x32x75,Тройник переходник 75x32x75,Тройник переходник,75x32x75,Размер,50,dona,30250,UZS,30250,UZS,China,Truba va fitinglar,Фитинг полиэтиленовый,"OOO ""SANTEX MAKON""",2026-07-21,TRUE,FALSE
NG-0221,troynik-perehodnik-75x40x75,Тройник переходник 75x40x75,Тройник переходник,75x40x75,Размер,50,dona,30250,UZS,30250,UZS,China,Truba va fitinglar,Фитинг полиэтиленовый,"OOO ""SANTEX MAKON""",2026-07-21,TRUE,FALSE
NG-0222,troynik-perehodnik-75x50x75,Тройник переходник 75x50x75,Тройник переходник,75x50x75,Размер,40,dona,30250,UZS,30250,UZS,China,Truba va fitinglar,Фитинг полиэтиленовый,"OOO ""SANTEX MAKON""",2026-07-21,TRUE,FALSE
NG-0223,troynik-perehodnik-75x63x75,Тройник переходник 75x63x75,Тройник переходник,75x63x75,Размер,40,dona,30250,UZS,30250,UZS,China,Truba va fitinglar,Фитинг полиэтиленовый,"OOO ""SANTEX MAKON""",2026-07-21,TRUE,FALSE
NG-0224,troynik-perehodnik-90x40x90,Тройник переходник 90x40x90,Тройник переходник,90x40x90,Размер,30,dona,42350,UZS,42350,UZS,China,Truba va fitinglar,Фитинг полиэтиленовый,"OOO ""SANTEX MAKON""",2026-07-21,TRUE,FALSE
NG-0225,troynik-perehodnik-90x50x90,Тройник переходник 90x50x90,Тройник переходник,90x50x90,Размер,30,dona,42350,UZS,42350,UZS,China,Truba va fitinglar,Фитинг полиэтиленовый,"OOO ""SANTEX MAKON""",2026-07-21,TRUE,FALSE
NG-0226,troynik-perehodnik-90x63x90,Тройник переходник 90x63x90,Тройник переходник,90x63x90,Размер,30,dona,42350,UZS,42350,UZS,China,Truba va fitinglar,Фитинг полиэтиленовый,"OOO ""SANTEX MAKON""",2026-07-21,TRUE,FALSE
NG-0227,troynik-perehodnik-90x75x90,Тройник переходник 90x75x90,Тройник переходник,90x75x90,Размер,28,dona,42350,UZS,42350,UZS,China,Truba va fitinglar,Фитинг полиэтиленовый,"OOO ""SANTEX MAKON""",2026-07-21,TRUE,FALSE
NG-0228,troynik-perehodnik-110x32x110,Тройник переходник 110x32x110,Тройник переходник,110x32x110,Размер,25,dona,54450,UZS,54450,UZS,China,Truba va fitinglar,Фитинг полиэтиленовый,"OOO ""SANTEX MAKON""",2026-07-21,TRUE,FALSE
NG-0229,troynik-perehodnik-110x40x110,Тройник переходник 110x40x110,Тройник переходник,110x40x110,Размер,20,dona,54450,UZS,54450,UZS,China,Truba va fitinglar,Фитинг полиэтиленовый,"OOO ""SANTEX MAKON""",2026-07-21,TRUE,FALSE
NG-0230,troynik-perehodnik-110x50x110,Тройник переходник 110x50x110,Тройник переходник,110x50x110,Размер,24,dona,54450,UZS,54450,UZS,China,Truba va fitinglar,Фитинг полиэтиленовый,"OOO ""SANTEX MAKON""",2026-07-21,TRUE,FALSE
NG-0231,troynik-perehodnik-110x63x110,Тройник переходник 110x63x110,Тройник переходник,110x63x110,Размер,24,dona,54450,UZS,54450,UZS,China,Truba va fitinglar,Фитинг полиэтиленовый,"OOO ""SANTEX MAKON""",2026-07-21,TRUE,FALSE
NG-0232,troynik-perehodnik-110x75x110,Тройник переходник 110x75x110,Тройник переходник,110x75x110,Размер,20,dona,54450,UZS,54450,UZS,China,Truba va fitinglar,Фитинг полиэтиленовый,"OOO ""SANTEX MAKON""",2026-07-21,TRUE,FALSE
NG-0233,troynik-perehodnik-110x90x110,Тройник переходник 110x90x110,Тройник переходник,110x90x110,Размер,16,dona,54450,UZS,54450,UZS,China,Truba va fitinglar,Фитинг полиэтиленовый,"OOO ""SANTEX MAKON""",2026-07-21,TRUE,FALSE
NG-0234,troynik-perehodnik-125x110x125,Тройник переходник 125x110x125,Тройник переходник,125x110x125,Размер,14,dona,90750,UZS,90750,UZS,China,Truba va fitinglar,Фитинг полиэтиленовый,"OOO ""SANTEX MAKON""",2026-07-21,TRUE,FALSE
NG-0235,troynik-perehodnik-140x110x140,Тройник переходник 140x110x140,Тройник переходник,140x110x140,Размер,12,dona,114950,UZS,114950,UZS,China,Truba va fitinglar,Фитинг полиэтиленовый,"OOO ""SANTEX MAKON""",2026-07-21,TRUE,FALSE
NG-0236,troynik-perehodnik-140x125x140,Тройник переходник 140x125x140,Тройник переходник,140x125x140,Размер,12,dona,127050,UZS,127050,UZS,China,Truba va fitinglar,Фитинг полиэтиленовый,"OOO ""SANTEX MAKON""",2026-07-21,TRUE,FALSE
NG-0237,troynik-perehodnik-160x90x160,Тройник переходник 160x90x160,Тройник переходник,160x90x160,Размер,10,dona,108900,UZS,108900,UZS,China,Truba va fitinglar,Фитинг полиэтиленовый,"OOO ""SANTEX MAKON""",2026-07-21,TRUE,FALSE
NG-0238,troynik-perehodnik-160x110x160,Тройник переходник 160x110x160,Тройник переходник,160x110x160,Размер,10,dona,108900,UZS,108900,UZS,China,Truba va fitinglar,Фитинг полиэтиленовый,"OOO ""SANTEX MAKON""",2026-07-21,TRUE,FALSE
NG-0239,troynik-perehodnik-180x110x180,Тройник переходник 180x110x180,Тройник переходник,180x110x180,Размер,6,dona,205700,UZS,205700,UZS,China,Truba va fitinglar,Фитинг полиэтиленовый,"OOO ""SANTEX MAKON""",2026-07-21,TRUE,FALSE
NG-0240,troynik-perehodnik-180x125x180,Тройник переходник 180x125x180,Тройник переходник,180x125x180,Размер,5,dona,254100,UZS,254100,UZS,China,Truba va fitinglar,Фитинг полиэтиленовый,"OOO ""SANTEX MAKON""",2026-07-21,TRUE,FALSE
NG-0241,troynik-perehodnik-180x140x180,Тройник переходник 180x140x180,Тройник переходник,180x140x180,Размер,5,dona,254100,UZS,254100,UZS,China,Truba va fitinglar,Фитинг полиэтиленовый,"OOO ""SANTEX MAKON""",2026-07-21,TRUE,FALSE
NG-0242,troynik-perehodnik-180x160x180,Тройник переходник 180x160x180,Тройник переходник,180x160x180,Размер,5,dona,278300,UZS,278300,UZS,China,Truba va fitinglar,Фитинг полиэтиленовый,"OOO ""SANTEX MAKON""",2026-07-21,TRUE,FALSE
NG-0243,troynik-perehodnik-200x90x200,Тройник переходник 200x90x200,Тройник переходник,200x90x200,Размер,8,dona,193600,UZS,193600,UZS,China,Truba va fitinglar,Фитинг полиэтиленовый,"OOO ""SANTEX MAKON""",2026-07-21,TRUE,FALSE
NG-0244,troynik-perehodnik-200x110x200,Тройник переходник 200x110x200,Тройник переходник,200x110x200,Размер,6,dona,199650,UZS,199650,UZS,China,Truba va fitinglar,Фитинг полиэтиленовый,"OOO ""SANTEX MAKON""",2026-07-21,TRUE,FALSE
NG-0245,troynik-perehodnik-200x125x200,Тройник переходник 200x125x200,Тройник переходник,200x125x200,Размер,5,dona,290400,UZS,290400,UZS,China,Truba va fitinglar,Фитинг полиэтиленовый,"OOO ""SANTEX MAKON""",2026-07-21,TRUE,FALSE
NG-0246,troynik-perehodnik-200x140x200,Тройник переходник 200x140x200,Тройник переходник,200x140x200,Размер,5,dona,290400,UZS,290400,UZS,China,Truba va fitinglar,Фитинг полиэтиленовый,"OOO ""SANTEX MAKON""",2026-07-21,TRUE,FALSE
NG-0247,troynik-perehodnik-200x160x200,Тройник переходник 200x160x200,Тройник переходник,200x160x200,Размер,5,dona,290400,UZS,290400,UZS,China,Truba va fitinglar,Фитинг полиэтиленовый,"OOO ""SANTEX MAKON""",2026-07-21,TRUE,FALSE
NG-0248,troynik-perehodnik-250x110x250,Тройник переходник 250x110x250,Тройник переходник,250x110x250,Размер,3,dona,423500,UZS,423500,UZS,China,Truba va fitinglar,Фитинг полиэтиленовый,"OOO ""SANTEX MAKON""",2026-07-21,TRUE,FALSE
NG-0249,troynik-perehodnik-250x160x250,Тройник переходник 250x160x250,Тройник переходник,250x160x250,Размер,3,dona,484000,UZS,484000,UZS,China,Truba va fitinglar,Фитинг полиэтиленовый,"OOO ""SANTEX MAKON""",2026-07-21,TRUE,FALSE
NG-0250,troynik-perehodnik-250x200x250,Тройник переходник 250x200x250,Тройник переходник,250x200x250,Размер,3,dona,544500,UZS,544500,UZS,China,Truba va fitinglar,Фитинг полиэтиленовый,"OOO ""SANTEX MAKON""",2026-07-21,TRUE,FALSE
NG-0251,troynik-perehodnik-315x110x315,Тройник переходник 315x110x315,Тройник переходник,315x110x315,Размер,12,dona,556600,UZS,556600,UZS,China,Truba va fitinglar,Фитинг полиэтиленовый,"OOO ""SANTEX MAKON""",2026-07-21,TRUE,FALSE
NG-0252,troynik-perehodnik-315x160x315,Тройник переходник 315x160x315,Тройник переходник,315x160x315,Размер,9,dona,786500,UZS,786500,UZS,China,Truba va fitinglar,Фитинг полиэтиленовый,"OOO ""SANTEX MAKON""",2026-07-21,TRUE,FALSE
NG-0253,troynik-perehodnik-315x200x315,Тройник переходник 315x200x315,Тройник переходник,315x200x315,Размер,9,dona,907500,UZS,907500,UZS,China,Truba va fitinglar,Фитинг полиэтиленовый,"OOO ""SANTEX MAKON""",2026-07-21,TRUE,FALSE
NG-0254,troynik-perehodnik-315x250x315,Тройник переходник 315x250x315,Тройник переходник,315x250x315,Размер,5,dona,1089000,UZS,1089000,UZS,China,Truba va fitinglar,Фитинг полиэтиленовый,"OOO ""SANTEX MAKON""",2026-07-21,TRUE,FALSE
NG-0255,troynik-perehodnik-400x315x400,Тройник переходник 400x315x400,Тройник переходник,400x315x400,Размер,4,dona,3388000,UZS,3388000,UZS,China,Truba va fitinglar,Фитинг полиэтиленовый,"OOO ""SANTEX MAKON""",2026-07-21,TRUE,FALSE
NG-0256,troynik-perehodnik-500x400x500,Тройник переходник 500x400x500,Тройник переходник,500x400x500,Размер,2,dona,4840000,UZS,4840000,UZS,China,Truba va fitinglar,Фитинг полиэтиленовый,"OOO ""SANTEX MAKON""",2026-07-21,TRUE,FALSE
NG-0257,krestovina-50x50,Крестовина 50x50,Крестовина,50x50,Размер,110,dona,30250,UZS,30250,UZS,China,Truba va fitinglar,Фитинг полиэтиленовый,"OOO ""SANTEX MAKON""",2026-07-21,TRUE,FALSE
NG-0258,krestovina-63x63,Крестовина 63x63,Крестовина,63x63,Размер,100,dona,42350,UZS,42350,UZS,China,Truba va fitinglar,Фитинг полиэтиленовый,"OOO ""SANTEX MAKON""",2026-07-21,TRUE,FALSE
NG-0259,krestovina-75x75,Крестовина 75x75,Крестовина,75x75,Размер,25,dona,48400,UZS,48400,UZS,China,Truba va fitinglar,Фитинг полиэтиленовый,"OOO ""SANTEX MAKON""",2026-07-21,TRUE,FALSE
NG-0260,krestovina-90x90,Крестовина 90x90,Крестовина,90x90,Размер,10,dona,72600,UZS,72600,UZS,China,Truba va fitinglar,Фитинг полиэтиленовый,"OOO ""SANTEX MAKON""",2026-07-21,TRUE,FALSE
NG-0261,krestovina-110x110,Крестовина 110x110,Крестовина,110x110,Размер,12,dona,133100,UZS,133100,UZS,China,Truba va fitinglar,Фитинг полиэтиленовый,"OOO ""SANTEX MAKON""",2026-07-21,TRUE,FALSE
NG-0262,krestovina-160x160,Крестовина 160x160,Крестовина,160x160,Размер,6,dona,290400,UZS,290400,UZS,China,Truba va fitinglar,Фитинг полиэтиленовый,"OOO ""SANTEX MAKON""",2026-07-21,TRUE,FALSE
NG-0263,krestovina-200x200,Крестовина 200x200,Крестовина,200x200,Размер,4,dona,532400,UZS,532400,UZS,China,Truba va fitinglar,Фитинг полиэтиленовый,"OOO ""SANTEX MAKON""",2026-07-21,TRUE,FALSE
NG-0264,zadvizhka-chugunnaya-30ch39r-50-pn16-nevo,Задвижка чугунная 30ч39р 50 PN16 Nevo,Задвижка чугунная 30ч39р,50 PN16,Размер,,dona,326700,UZS,326700,UZS,Nevo,Zapor armatura,Запорная арматура,"OOO ""SANTEX MAKON""",2026-07-21,TRUE,FALSE
NG-0265,zadvizhka-chugunnaya-30ch39r-65-pn16-nevo,Задвижка чугунная 30ч39р 65 PN16 Nevo,Задвижка чугунная 30ч39р,65 PN16,Размер,,dona,375100,UZS,375100,UZS,Nevo,Zapor armatura,Запорная арматура,"OOO ""SANTEX MAKON""",2026-07-21,TRUE,FALSE
NG-0266,zadvizhka-chugunnaya-30ch39r-80-pn16-nevo,Задвижка чугунная 30ч39р 80 PN16 Nevo,Задвижка чугунная 30ч39р,80 PN16,Размер,,dona,435600,UZS,435600,UZS,Nevo,Zapor armatura,Запорная арматура,"OOO ""SANTEX MAKON""",2026-07-21,TRUE,FALSE
NG-0267,zadvizhka-chugunnaya-30ch39r-100-pn16-nevo,Задвижка чугунная 30ч39р 100 PN16 Nevo,Задвижка чугунная 30ч39р,100 PN16,Размер,,dona,508200,UZS,508200,UZS,Nevo,Zapor armatura,Запорная арматура,"OOO ""SANTEX MAKON""",2026-07-21,TRUE,FALSE
NG-0268,zadvizhka-chugunnaya-30ch39r-150-pn16-nevo,Задвижка чугунная 30ч39р 150 PN16 Nevo,Задвижка чугунная 30ч39р,150 PN16,Размер,,dona,907500,UZS,907500,UZS,Nevo,Zapor armatura,Запорная арматура,"OOO ""SANTEX MAKON""",2026-07-21,TRUE,FALSE
NG-0269,zadvizhka-chugunnaya-30ch39r-200-pn16-nevo,Задвижка чугунная 30ч39р 200 PN16 Nevo,Задвижка чугунная 30ч39р,200 PN16,Размер,,dona,1573000,UZS,1573000,UZS,Nevo,Zapor armatura,Запорная арматура,"OOO ""SANTEX MAKON""",2026-07-21,TRUE,FALSE
NG-0270,zadvizhka-chugunnaya-30ch39r-250-pn16-nevo,Задвижка чугунная 30ч39р 250 PN16 Nevo,Задвижка чугунная 30ч39р,250 PN16,Размер,,dona,3025000,UZS,3025000,UZS,Nevo,Zapor armatura,Запорная арматура,"OOO ""SANTEX MAKON""",2026-07-21,TRUE,FALSE
NG-0271,zadvizhka-chugunnaya-30ch39r-300-pn16-nevo,Задвижка чугунная 30ч39р 300 PN16 Nevo,Задвижка чугунная 30ч39р,300 PN16,Размер,,dona,3751000,UZS,3751000,UZS,Nevo,Zapor armatura,Запорная арматура,"OOO ""SANTEX MAKON""",2026-07-21,TRUE,FALSE
NG-0272,zadvizhka-chugunnaya-30ch39r-400-pn16-nevo,Задвижка чугунная 30ч39р 400 PN16 Nevo,Задвижка чугунная 30ч39р,400 PN16,Размер,,dona,10285000,UZS,10285000,UZS,Nevo,Zapor armatura,Запорная арматура,"OOO ""SANTEX MAKON""",2026-07-21,TRUE,FALSE
NG-0273,zadvizhka-chugunnaya-30ch39r-500-pn16-nevo,Задвижка чугунная 30ч39р 500 PN16 Nevo,Задвижка чугунная 30ч39р,500 PN16,Размер,,dona,16335000,UZS,16335000,UZS,Nevo,Zapor armatura,Запорная арматура,"OOO ""SANTEX MAKON""",2026-07-21,TRUE,FALSE
NG-0274,zadvizhka-chugunnaya-30ch39r-630-pn16-elektroprivod-nevo,Задвижка чугунная 30ч39р 630 PN16 (электропривод) Nevo,Задвижка чугунная 30ч39р,630 PN16 (электропривод),Размер,,dona,26620000,UZS,26620000,UZS,Nevo,Zapor armatura,Запорная арматура,"OOO ""SANTEX MAKON""",2026-07-21,TRUE,FALSE
NG-0275,prokladka-dlya-zadvizhek-50-nevo,Прокладка для задвижек 50 Nevo,Прокладка для задвижек,50,Размер,,dona,4235,UZS,4235,UZS,Nevo,Zapor armatura,Запорная арматура,"OOO ""SANTEX MAKON""",2026-07-21,TRUE,FALSE
NG-0276,prokladka-dlya-zadvizhek-65-nevo,Прокладка для задвижек 65 Nevo,Прокладка для задвижек,65,Размер,,dona,5445,UZS,5445,UZS,Nevo,Zapor armatura,Запорная арматура,"OOO ""SANTEX MAKON""",2026-07-21,TRUE,FALSE
NG-0277,prokladka-dlya-zadvizhek-80-nevo,Прокладка для задвижек 80 Nevo,Прокладка для задвижек,80,Размер,,dona,6655,UZS,6655,UZS,Nevo,Zapor armatura,Запорная арматура,"OOO ""SANTEX MAKON""",2026-07-21,TRUE,FALSE
NG-0278,prokladka-dlya-zadvizhek-100-nevo,Прокладка для задвижек 100 Nevo,Прокладка для задвижек,100,Размер,,dona,8470,UZS,8470,UZS,Nevo,Zapor armatura,Запорная арматура,"OOO ""SANTEX MAKON""",2026-07-21,TRUE,FALSE
NG-0279,prokladka-dlya-zadvizhek-125-nevo,Прокладка для задвижек 125 Nevo,Прокладка для задвижек,125,Размер,,dona,9680,UZS,9680,UZS,Nevo,Zapor armatura,Запорная арматура,"OOO ""SANTEX MAKON""",2026-07-21,TRUE,FALSE
NG-0280,prokladka-dlya-zadvizhek-150-nevo,Прокладка для задвижек 150 Nevo,Прокладка для задвижек,150,Размер,,dona,12100,UZS,12100,UZS,Nevo,Zapor armatura,Запорная арматура,"OOO ""SANTEX MAKON""",2026-07-21,TRUE,FALSE
NG-0281,prokladka-dlya-zadvizhek-200-nevo,Прокладка для задвижек 200 Nevo,Прокладка для задвижек,200,Размер,,dona,16335,UZS,16335,UZS,Nevo,Zapor armatura,Запорная арматура,"OOO ""SANTEX MAKON""",2026-07-21,TRUE,FALSE
NG-0282,prokladka-dlya-zadvizhek-250-nevo,Прокладка для задвижек 250 Nevo,Прокладка для задвижек,250,Размер,,dona,32670,UZS,32670,UZS,Nevo,Zapor armatura,Запорная арматура,"OOO ""SANTEX MAKON""",2026-07-21,TRUE,FALSE
NG-0283,prokladka-dlya-zadvizhek-300-nevo,Прокладка для задвижек 300 Nevo,Прокладка для задвижек,300,Размер,,dona,39930,UZS,39930,UZS,Nevo,Zapor armatura,Запорная арматура,"OOO ""SANTEX MAKON""",2026-07-21,TRUE,FALSE
NG-0284,prokladka-dlya-zadvizhek-400-nevo,Прокладка для задвижек 400 Nevo,Прокладка для задвижек,400,Размер,,dona,87120,UZS,87120,UZS,Nevo,Zapor armatura,Запорная арматура,"OOO ""SANTEX MAKON""",2026-07-21,TRUE,FALSE
NG-0285,prokladka-dlya-zadvizhek-500-nevo,Прокладка для задвижек 500 Nevo,Прокладка для задвижек,500,Размер,,dona,108900,UZS,108900,UZS,Nevo,Zapor armatura,Запорная арматура,"OOO ""SANTEX MAKON""",2026-07-21,TRUE,FALSE
NG-0286,zadvizhka-chugunnaya-30ch39r-eco-50-pn16-nevo,Задвижка чугунная 30ч39р ECO 50 PN16 Nevo,Задвижка чугунная 30ч39р ECO,50 PN16,Размер,,dona,290400,UZS,290400,UZS,Nevo,Zapor armatura,Запорная арматура,"OOO ""SANTEX MAKON""",2026-07-21,TRUE,FALSE
NG-0287,zadvizhka-chugunnaya-30ch39r-eco-65-pn16-nevo,Задвижка чугунная 30ч39р ECO 65 PN16 Nevo,Задвижка чугунная 30ч39р ECO,65 PN16,Размер,,dona,338800,UZS,338800,UZS,Nevo,Zapor armatura,Запорная арматура,"OOO ""SANTEX MAKON""",2026-07-21,TRUE,FALSE
NG-0288,zadvizhka-chugunnaya-30ch39r-eco-80-pn16-nevo,Задвижка чугунная 30ч39р ECO 80 PN16 Nevo,Задвижка чугунная 30ч39р ECO,80 PN16,Размер,,dona,375100,UZS,375100,UZS,Nevo,Zapor armatura,Запорная арматура,"OOO ""SANTEX MAKON""",2026-07-21,TRUE,FALSE
NG-0289,zadvizhka-chugunnaya-30ch39r-eco-100-pn16-nevo,Задвижка чугунная 30ч39р ECO 100 PN16 Nevo,Задвижка чугунная 30ч39р ECO,100 PN16,Размер,,dona,435600,UZS,435600,UZS,Nevo,Zapor armatura,Запорная арматура,"OOO ""SANTEX MAKON""",2026-07-21,TRUE,FALSE
NG-0290,zadvizhka-chugunnaya-30ch39r-eco-150-pn16-nevo,Задвижка чугунная 30ч39р ECO 150 PN16 Nevo,Задвижка чугунная 30ч39р ECO,150 PN16,Размер,,dona,822800,UZS,822800,UZS,Nevo,Zapor armatura,Запорная арматура,"OOO ""SANTEX MAKON""",2026-07-21,TRUE,FALSE
NG-0291,zadvizhka-chugunnaya-30ch39r-latun-50-pn16-nevo,Задвижка чугунная 30ч39р Латунь 50 PN16 Nevo,Задвижка чугунная 30ч39р Латунь,50 PN16,Размер,,dona,411400,UZS,411400,UZS,Nevo,Zapor armatura,Запорная арматура,"OOO ""SANTEX MAKON""",2026-07-21,TRUE,FALSE
NG-0292,zadvizhka-chugunnaya-30ch39r-latun-65-pn16-nevo,Задвижка чугунная 30ч39р Латунь 65 PN16 Nevo,Задвижка чугунная 30ч39р Латунь,65 PN16,Размер,,dona,484000,UZS,484000,UZS,Nevo,Zapor armatura,Запорная арматура,"OOO ""SANTEX MAKON""",2026-07-21,TRUE,FALSE
NG-0293,zadvizhka-chugunnaya-30ch39r-latun-80-pn16-nevo,Задвижка чугунная 30ч39р Латунь 80 PN16 Nevo,Задвижка чугунная 30ч39р Латунь,80 PN16,Размер,,dona,556600,UZS,556600,UZS,Nevo,Zapor armatura,Запорная арматура,"OOO ""SANTEX MAKON""",2026-07-21,TRUE,FALSE
NG-0294,zadvizhka-chugunnaya-30ch39r-latun-100-pn16-nevo,Задвижка чугунная 30ч39р Латунь 100 PN16 Nevo,Задвижка чугунная 30ч39р Латунь,100 PN16,Размер,,dona,653400,UZS,653400,UZS,Nevo,Zapor armatura,Запорная арматура,"OOO ""SANTEX MAKON""",2026-07-21,TRUE,FALSE
NG-0295,zadvizhka-stalnaya-30ch41nzh-50-pn16-nevo,Задвижка стальная 30ч41нж 50 PN16 Nevo,Задвижка стальная 30ч41нж,50 PN16,Размер,,dona,605000,UZS,605000,UZS,Nevo,Zapor armatura,Запорная арматура,"OOO ""SANTEX MAKON""",2026-07-21,TRUE,FALSE
NG-0296,zadvizhka-stalnaya-30ch41nzh-80-pn16-nevo,Задвижка стальная 30ч41нж 80 PN16 Nevo,Задвижка стальная 30ч41нж,80 PN16,Размер,,dona,968000,UZS,968000,UZS,Nevo,Zapor armatura,Запорная арматура,"OOO ""SANTEX MAKON""",2026-07-21,TRUE,FALSE
NG-0297,zadvizhka-stalnaya-30ch41nzh-100-pn16-nevo,Задвижка стальная 30ч41нж 100 PN16 Nevo,Задвижка стальная 30ч41нж,100 PN16,Размер,,dona,1210000,UZS,1210000,UZS,Nevo,Zapor armatura,Запорная арматура,"OOO ""SANTEX MAKON""",2026-07-21,TRUE,FALSE
NG-0298,zadvizhka-stalnaya-30ch41nzh-125-pn16-nevo,Задвижка стальная 30ч41нж 125 PN16 Nevo,Задвижка стальная 30ч41нж,125 PN16,Размер,,dona,1936000,UZS,1936000,UZS,Nevo,Zapor armatura,Запорная арматура,"OOO ""SANTEX MAKON""",2026-07-21,TRUE,FALSE
NG-0299,zadvizhka-stalnaya-30ch41nzh-150-pn16-nevo,Задвижка стальная 30ч41нж 150 PN16 Nevo,Задвижка стальная 30ч41нж,150 PN16,Размер,,dona,2178000,UZS,2178000,UZS,Nevo,Zapor armatura,Запорная арматура,"OOO ""SANTEX MAKON""",2026-07-21,TRUE,FALSE
NG-0300,zadvizhka-stalnaya-30ch41nzh-200-pn16-nevo,Задвижка стальная 30ч41нж 200 PN16 Nevo,Задвижка стальная 30ч41нж,200 PN16,Размер,,dona,3630000,UZS,3630000,UZS,Nevo,Zapor armatura,Запорная арматура,"OOO ""SANTEX MAKON""",2026-07-21,TRUE,FALSE
NG-0301,zadvizhka-stalnaya-30ch41nzh-250-pn16-nevo,Задвижка стальная 30ч41нж 250 PN16 Nevo,Задвижка стальная 30ч41нж,250 PN16,Размер,,dona,5445000,UZS,5445000,UZS,Nevo,Zapor armatura,Запорная арматура,"OOO ""SANTEX MAKON""",2026-07-21,TRUE,FALSE
NG-0302,zadvizhka-stalnaya-30ch41nzh-300-pn16-nevo,Задвижка стальная 30ч41нж 300 PN16 Nevo,Задвижка стальная 30ч41нж,300 PN16,Размер,,dona,7260000,UZS,7260000,UZS,Nevo,Zapor armatura,Запорная арматура,"OOO ""SANTEX MAKON""",2026-07-21,TRUE,FALSE
NG-0303,zadvizhka-iz-liteynogo-chuguna-30ch6br-50-pn16-nevo,Задвижка из литейного чугуна 30ч6бр 50 PN16 Nevo,Задвижка из литейного чугуна 30ч6бр,50 PN16,Размер,,dona,411400,UZS,411400,UZS,Nevo,Zapor armatura,Запорная арматура,"OOO ""SANTEX MAKON""",2026-07-21,TRUE,FALSE
NG-0304,zadvizhka-iz-liteynogo-chuguna-30ch6br-65-pn16-nevo,Задвижка из литейного чугуна 30ч6бр 65 PN16 Nevo,Задвижка из литейного чугуна 30ч6бр,65 PN16,Размер,,dona,532400,UZS,532400,UZS,Nevo,Zapor armatura,Запорная арматура,"OOO ""SANTEX MAKON""",2026-07-21,TRUE,FALSE
NG-0305,zadvizhka-iz-liteynogo-chuguna-30ch6br-80-pn16-nevo,Задвижка из литейного чугуна 30ч6бр 80 PN16 Nevo,Задвижка из литейного чугуна 30ч6бр,80 PN16,Размер,,dona,605000,UZS,605000,UZS,Nevo,Zapor armatura,Запорная арматура,"OOO ""SANTEX MAKON""",2026-07-21,TRUE,FALSE
NG-0306,zadvizhka-iz-liteynogo-chuguna-30ch6br-100-pn16-nevo,Задвижка из литейного чугуна 30ч6бр 100 PN16 Nevo,Задвижка из литейного чугуна 30ч6бр,100 PN16,Размер,,dona,677600,UZS,677600,UZS,Nevo,Zapor armatura,Запорная арматура,"OOO ""SANTEX MAKON""",2026-07-21,TRUE,FALSE
NG-0307,zadvizhka-iz-liteynogo-chuguna-30ch6br-150-pn16-nevo,Задвижка из литейного чугуна 30ч6бр 150 PN16 Nevo,Задвижка из литейного чугуна 30ч6бр,150 PN16,Размер,,dona,1694000,UZS,1694000,UZS,Nevo,Zapor armatura,Запорная арматура,"OOO ""SANTEX MAKON""",2026-07-21,TRUE,FALSE
NG-0308,zadvizhka-iz-liteynogo-chuguna-30ch6br-200-pn16-nevo,Задвижка из литейного чугуна 30ч6бр 200 PN16 Nevo,Задвижка из литейного чугуна 30ч6бр,200 PN16,Размер,,dona,2904000,UZS,2904000,UZS,Nevo,Zapor armatura,Запорная арматура,"OOO ""SANTEX MAKON""",2026-07-21,TRUE,FALSE
NG-0309,zadvizhka-iz-liteynogo-chuguna-30ch6br-250-pn16-nevo,Задвижка из литейного чугуна 30ч6бр 250 PN16 Nevo,Задвижка из литейного чугуна 30ч6бр,250 PN16,Размер,,dona,4598000,UZS,4598000,UZS,Nevo,Zapor armatura,Запорная арматура,"OOO ""SANTEX MAKON""",2026-07-21,TRUE,FALSE
NG-0310,zadvizhka-iz-liteynogo-chuguna-30ch6br-300-pn16-nevo,Задвижка из литейного чугуна 30ч6бр 300 PN16 Nevo,Задвижка из литейного чугуна 30ч6бр,300 PN16,Размер,,dona,6050000,UZS,6050000,UZS,Nevo,Zapor armatura,Запорная арматура,"OOO ""SANTEX MAKON""",2026-07-21,TRUE,FALSE
NG-0311,zatvor-diskovyy-eco-50-nevo,Затвор дисковый ECO 50 Nevo,Затвор дисковый ECO,50,Размер,,dona,72600,UZS,72600,UZS,Nevo,Zapor armatura,Запорная арматура,"OOO ""SANTEX MAKON""",2026-07-21,TRUE,FALSE
NG-0312,zatvor-diskovyy-eco-65-nevo,Затвор дисковый ECO 65 Nevo,Затвор дисковый ECO,65,Размер,,dona,84700,UZS,84700,UZS,Nevo,Zapor armatura,Запорная арматура,"OOO ""SANTEX MAKON""",2026-07-21,TRUE,FALSE
NG-0313,zatvor-diskovyy-eco-80-nevo,Затвор дисковый ECO 80 Nevo,Затвор дисковый ECO,80,Размер,,dona,108900,UZS,108900,UZS,Nevo,Zapor armatura,Запорная арматура,"OOO ""SANTEX MAKON""",2026-07-21,TRUE,FALSE
NG-0314,zatvor-diskovyy-eco-100-nevo,Затвор дисковый ECO 100 Nevo,Затвор дисковый ECO,100,Размер,,dona,133100,UZS,133100,UZS,Nevo,Zapor armatura,Запорная арматура,"OOO ""SANTEX MAKON""",2026-07-21,TRUE,FALSE
NG-0315,zatvor-diskovyy-eco-150-nevo,Затвор дисковый ECO 150 Nevo,Затвор дисковый ECO,150,Размер,,dona,217800,UZS,217800,UZS,Nevo,Zapor armatura,Запорная арматура,"OOO ""SANTEX MAKON""",2026-07-21,TRUE,FALSE
NG-0316,zatvor-diskovyy-d71x-10-16-50-pn16-nevo,Затвор дисковый D71X-10/16 50 PN16 Nevo,Затвор дисковый D71X-10/16,50 PN16,Размер,,dona,102850,UZS,102850,UZS,Nevo,Zapor armatura,Запорная арматура,"OOO ""SANTEX MAKON""",2026-07-21,TRUE,FALSE
NG-0317,zatvor-diskovyy-d71x-10-16-65-pn16-nevo,Затвор дисковый D71X-10/16 65 PN16 Nevo,Затвор дисковый D71X-10/16,65 PN16,Размер,,dona,114950,UZS,114950,UZS,Nevo,Zapor armatura,Запорная арматура,"OOO ""SANTEX MAKON""",2026-07-21,TRUE,FALSE
NG-0318,zatvor-diskovyy-d71x-10-16-80-pn16-nevo,Затвор дисковый D71X-10/16 80 PN16 Nevo,Затвор дисковый D71X-10/16,80 PN16,Размер,,dona,127050,UZS,127050,UZS,Nevo,Zapor armatura,Запорная арматура,"OOO ""SANTEX MAKON""",2026-07-21,TRUE,FALSE
NG-0319,zatvor-diskovyy-d71x-10-16-100-pn16-nevo,Затвор дисковый D71X-10/16 100 PN16 Nevo,Затвор дисковый D71X-10/16,100 PN16,Размер,,dona,151250,UZS,151250,UZS,Nevo,Zapor armatura,Запорная арматура,"OOO ""SANTEX MAKON""",2026-07-21,TRUE,FALSE
NG-0320,zatvor-diskovyy-d71x-10-16-150-pn16-nevo,Затвор дисковый D71X-10/16 150 PN16 Nevo,Затвор дисковый D71X-10/16,150 PN16,Размер,,dona,242000,UZS,242000,UZS,Nevo,Zapor armatura,Запорная арматура,"OOO ""SANTEX MAKON""",2026-07-21,TRUE,FALSE
NG-0321,zatvor-diskovyy-d71x-10-16-200-pn16-nevo,Затвор дисковый D71X-10/16 200 PN16 Nevo,Затвор дисковый D71X-10/16,200 PN16,Размер,,dona,411400,UZS,411400,UZS,Nevo,Zapor armatura,Запорная арматура,"OOO ""SANTEX MAKON""",2026-07-21,TRUE,FALSE
NG-0322,zatvor-diskovyy-d71x-10-16-250-pn16-nevo,Затвор дисковый D71X-10/16 250 PN16 Nevo,Затвор дисковый D71X-10/16,250 PN16,Размер,,dona,677600,UZS,677600,UZS,Nevo,Zapor armatura,Запорная арматура,"OOO ""SANTEX MAKON""",2026-07-21,TRUE,FALSE
NG-0323,zatvor-diskovyy-d71x-10-16-300-pn16-nevo,Затвор дисковый D71X-10/16 300 PN16 Nevo,Затвор дисковый D71X-10/16,300 PN16,Размер,,dona,1028500,UZS,1028500,UZS,Nevo,Zapor armatura,Запорная арматура,"OOO ""SANTEX MAKON""",2026-07-21,TRUE,FALSE
NG-0324,chugunnyy-filtr-50-pn16-nevo,Чугунный фильтр 50 PN16 Nevo,Чугунный фильтр,50 PN16,Размер,,dona,217800,UZS,217800,UZS,Nevo,Zapor armatura,Запорная арматура,"OOO ""SANTEX MAKON""",2026-07-21,TRUE,FALSE
NG-0325,chugunnyy-filtr-65-pn16-nevo,Чугунный фильтр 65 PN16 Nevo,Чугунный фильтр,65 PN16,Размер,,dona,284350,UZS,284350,UZS,Nevo,Zapor armatura,Запорная арматура,"OOO ""SANTEX MAKON""",2026-07-21,TRUE,FALSE
NG-0326,chugunnyy-filtr-80-pn16-nevo,Чугунный фильтр 80 PN16 Nevo,Чугунный фильтр,80 PN16,Размер,,dona,338800,UZS,338800,UZS,Nevo,Zapor armatura,Запорная арматура,"OOO ""SANTEX MAKON""",2026-07-21,TRUE,FALSE
NG-0327,chugunnyy-filtr-100-pn16-nevo,Чугунный фильтр 100 PN16 Nevo,Чугунный фильтр,100 PN16,Размер,,dona,399300,UZS,399300,UZS,Nevo,Zapor armatura,Запорная арматура,"OOO ""SANTEX MAKON""",2026-07-21,TRUE,FALSE
NG-0328,chugunnyy-filtr-125-pn16-nevo,Чугунный фильтр 125 PN16 Nevo,Чугунный фильтр,125 PN16,Размер,,dona,568700,UZS,568700,UZS,Nevo,Zapor armatura,Запорная арматура,"OOO ""SANTEX MAKON""",2026-07-21,TRUE,FALSE
NG-0329,chugunnyy-filtr-150-pn16-nevo,Чугунный фильтр 150 PN16 Nevo,Чугунный фильтр,150 PN16,Размер,,dona,701800,UZS,701800,UZS,Nevo,Zapor armatura,Запорная арматура,"OOO ""SANTEX MAKON""",2026-07-21,TRUE,FALSE
NG-0330,chugunnyy-filtr-200-pn16-nevo,Чугунный фильтр 200 PN16 Nevo,Чугунный фильтр,200 PN16,Размер,,dona,1815000,UZS,1815000,UZS,Nevo,Zapor armatura,Запорная арматура,"OOO ""SANTEX MAKON""",2026-07-21,TRUE,FALSE
NG-0331,chugunnyy-filtr-250-pn16-nevo,Чугунный фильтр 250 PN16 Nevo,Чугунный фильтр,250 PN16,Размер,,dona,2081200,UZS,2081200,UZS,Nevo,Zapor armatura,Запорная арматура,"OOO ""SANTEX MAKON""",2026-07-21,TRUE,FALSE
NG-0332,chugunnyy-filtr-300-pn16-nevo,Чугунный фильтр 300 PN16 Nevo,Чугунный фильтр,300 PN16,Размер,,dona,3267000,UZS,3267000,UZS,Nevo,Zapor armatura,Запорная арматура,"OOO ""SANTEX MAKON""",2026-07-21,TRUE,FALSE
NG-0333,obratnyy-klapan-chugunnyy-tab-50-pn16-nevo,Обратный клапан чугунный (ТАБ) 50 PN16 Nevo,Обратный клапан чугунный (ТАБ),50 PN16,Размер,,dona,96800,UZS,96800,UZS,Nevo,Zapor armatura,Запорная арматура,"OOO ""SANTEX MAKON""",2026-07-21,TRUE,FALSE
NG-0334,obratnyy-klapan-chugunnyy-tab-65-pn16-nevo,Обратный клапан чугунный (ТАБ) 65 PN16 Nevo,Обратный клапан чугунный (ТАБ),65 PN16,Размер,,dona,127050,UZS,127050,UZS,Nevo,Zapor armatura,Запорная арматура,"OOO ""SANTEX MAKON""",2026-07-21,TRUE,FALSE
NG-0335,obratnyy-klapan-chugunnyy-tab-80-pn16-nevo,Обратный клапан чугунный (ТАБ) 80 PN16 Nevo,Обратный клапан чугунный (ТАБ),80 PN16,Размер,,dona,163350,UZS,163350,UZS,Nevo,Zapor armatura,Запорная арматура,"OOO ""SANTEX MAKON""",2026-07-21,TRUE,FALSE
NG-0336,obratnyy-klapan-chugunnyy-tab-100-pn16-nevo,Обратный клапан чугунный (ТАБ) 100 PN16 Nevo,Обратный клапан чугунный (ТАБ),100 PN16,Размер,,dona,205700,UZS,205700,UZS,Nevo,Zapor armatura,Запорная арматура,"OOO ""SANTEX MAKON""",2026-07-21,TRUE,FALSE
NG-0337,obratnyy-klapan-chugunnyy-tab-125-pn16-nevo,Обратный клапан чугунный (ТАБ) 125 PN16 Nevo,Обратный клапан чугунный (ТАБ),125 PN16,Размер,,dona,278300,UZS,278300,UZS,Nevo,Zapor armatura,Запорная арматура,"OOO ""SANTEX MAKON""",2026-07-21,TRUE,FALSE
NG-0338,obratnyy-klapan-chugunnyy-tab-150-pn16-nevo,Обратный клапан чугунный (ТАБ) 150 PN16 Nevo,Обратный клапан чугунный (ТАБ),150 PN16,Размер,,dona,326700,UZS,326700,UZS,Nevo,Zapor armatura,Запорная арматура,"OOO ""SANTEX MAKON""",2026-07-21,TRUE,FALSE
NG-0339,obratnyy-klapan-chugunnyy-tab-200-pn16-nevo,Обратный клапан чугунный (ТАБ) 200 PN16 Nevo,Обратный клапан чугунный (ТАБ),200 PN16,Размер,,dona,750200,UZS,750200,UZS,Nevo,Zapor armatura,Запорная арматура,"OOO ""SANTEX MAKON""",2026-07-21,TRUE,FALSE
NG-0340,obratnyy-klapan-chugunnyy-tab-250-pn16-nevo,Обратный клапан чугунный (ТАБ) 250 PN16 Nevo,Обратный клапан чугунный (ТАБ),250 PN16,Размер,,dona,1197900,UZS,1197900,UZS,Nevo,Zapor armatura,Запорная арматура,"OOO ""SANTEX MAKON""",2026-07-21,TRUE,FALSE
NG-0341,obratnyy-klapan-chugunnyy-tab-300-pn16-nevo,Обратный клапан чугунный (ТАБ) 300 PN16 Nevo,Обратный клапан чугунный (ТАБ),300 PN16,Размер,,dona,1875500,UZS,1875500,UZS,Nevo,Zapor armatura,Запорная арматура,"OOO ""SANTEX MAKON""",2026-07-21,TRUE,FALSE
NG-0342,demontazhnaya-vstavka-50-pn16-nevo,Демонтажная вставка 50 PN16 Nevo,Демонтажная вставка,50 PN16,Размер,,dona,423500,UZS,423500,UZS,Nevo,Zapor armatura,Запорная арматура,"OOO ""SANTEX MAKON""",2026-07-21,TRUE,FALSE
NG-0343,demontazhnaya-vstavka-65-pn16-nevo,Демонтажная вставка 65 PN16 Nevo,Демонтажная вставка,65 PN16,Размер,,dona,459800,UZS,459800,UZS,Nevo,Zapor armatura,Запорная арматура,"OOO ""SANTEX MAKON""",2026-07-21,TRUE,FALSE
NG-0344,demontazhnaya-vstavka-80-pn16-nevo,Демонтажная вставка 80 PN16 Nevo,Демонтажная вставка,80 PN16,Размер,,dona,532400,UZS,532400,UZS,Nevo,Zapor armatura,Запорная арматура,"OOO ""SANTEX MAKON""",2026-07-21,TRUE,FALSE
NG-0345,demontazhnaya-vstavka-100-pn16-nevo,Демонтажная вставка 100 PN16 Nevo,Демонтажная вставка,100 PN16,Размер,,dona,665500,UZS,665500,UZS,Nevo,Zapor armatura,Запорная арматура,"OOO ""SANTEX MAKON""",2026-07-21,TRUE,FALSE
NG-0346,demontazhnaya-vstavka-125-pn16-nevo,Демонтажная вставка 125 PN16 Nevo,Демонтажная вставка,125 PN16,Размер,,dona,689700,UZS,689700,UZS,Nevo,Zapor armatura,Запорная арматура,"OOO ""SANTEX MAKON""",2026-07-21,TRUE,FALSE
NG-0347,demontazhnaya-vstavka-150-pn16-nevo,Демонтажная вставка 150 PN16 Nevo,Демонтажная вставка,150 PN16,Размер,,dona,1149500,UZS,1149500,UZS,Nevo,Zapor armatura,Запорная арматура,"OOO ""SANTEX MAKON""",2026-07-21,TRUE,FALSE
NG-0348,demontazhnaya-vstavka-200-pn16-nevo,Демонтажная вставка 200 PN16 Nevo,Демонтажная вставка,200 PN16,Размер,,dona,1512500,UZS,1512500,UZS,Nevo,Zapor armatura,Запорная арматура,"OOO ""SANTEX MAKON""",2026-07-21,TRUE,FALSE
NG-0349,demontazhnaya-vstavka-250-pn16-nevo,Демонтажная вставка 250 PN16 Nevo,Демонтажная вставка,250 PN16,Размер,,dona,1742400,UZS,1742400,UZS,Nevo,Zapor armatura,Запорная арматура,"OOO ""SANTEX MAKON""",2026-07-21,TRUE,FALSE
NG-0350,demontazhnaya-vstavka-300-pn16-nevo,Демонтажная вставка 300 PN16 Nevo,Демонтажная вставка,300 PN16,Размер,,dona,2057000,UZS,2057000,UZS,Nevo,Zapor armatura,Запорная арматура,"OOO ""SANTEX MAKON""",2026-07-21,TRUE,FALSE
NG-0351,vantuz-chugunnyy-flantsevyy-50-pn16-nevo,Вантуз чугунный фланцевый 50 PN16 Nevo,Вантуз чугунный фланцевый,50 PN16,Размер,,dona,217800,UZS,217800,UZS,Nevo,Zapor armatura,Запорная арматура,"OOO ""SANTEX MAKON""",2026-07-21,TRUE,FALSE
NG-0352,vantuz-chugunnyy-flantsevyy-65-pn16-nevo,Вантуз чугунный фланцевый 65 PN16 Nevo,Вантуз чугунный фланцевый,65 PN16,Размер,,dona,254100,UZS,254100,UZS,Nevo,Zapor armatura,Запорная арматура,"OOO ""SANTEX MAKON""",2026-07-21,TRUE,FALSE
NG-0353,vantuz-chugunnyy-flantsevyy-80-pn16-nevo,Вантуз чугунный фланцевый 80 PN16 Nevo,Вантуз чугунный фланцевый,80 PN16,Размер,,dona,375100,UZS,375100,UZS,Nevo,Zapor armatura,Запорная арматура,"OOO ""SANTEX MAKON""",2026-07-21,TRUE,FALSE
NG-0354,vantuz-chugunnyy-flantsevyy-100-pn16-nevo,Вантуз чугунный фланцевый 100 PN16 Nevo,Вантуз чугунный фланцевый,100 PN16,Размер,,dona,411400,UZS,411400,UZS,Nevo,Zapor armatura,Запорная арматура,"OOO ""SANTEX MAKON""",2026-07-21,TRUE,FALSE
NG-0355,pozharnyy-kran-dn50-nevo,Пожарный кран DN50 Nevo,Пожарный кран,DN50,Размер,,dona,91900,UZS,91900,UZS,Nevo,Yong'in jihozlari,Пожарное оборудование,"OOO ""SANTEX MAKON""",2026-07-21,TRUE,FALSE
NG-0356,pp-r-truba-pn16-hvs-20-nevo,PP-R труба PN16 ХВС 20 Nevo,PP-R труба PN16 ХВС,20,Диаметр,140,metr,6000,UZS,6000,UZS,Nevo,Truba va fitinglar,PP-R труба,"OOO ""SANTEX MAKON"" g.Termiz",2026-08-14,TRUE,FALSE
NG-0357,pp-r-truba-pn16-hvs-25-nevo,PP-R труба PN16 ХВС 25 Nevo,PP-R труба PN16 ХВС,25,Диаметр,100,metr,9000,UZS,9000,UZS,Nevo,Truba va fitinglar,PP-R труба,"OOO ""SANTEX MAKON"" g.Termiz",2026-08-14,TRUE,FALSE
NG-0358,pp-r-truba-pn16-hvs-32-nevo,PP-R труба PN16 ХВС 32 Nevo,PP-R труба PN16 ХВС,32,Диаметр,60,metr,14000,UZS,14000,UZS,Nevo,Truba va fitinglar,PP-R труба,"OOO ""SANTEX MAKON"" g.Termiz",2026-08-14,TRUE,FALSE
NG-0359,pp-r-truba-pn16-hvs-40-nevo,PP-R труба PN16 ХВС 40 Nevo,PP-R труба PN16 ХВС,40,Диаметр,40,metr,22000,UZS,22000,UZS,Nevo,Truba va fitinglar,PP-R труба,"OOO ""SANTEX MAKON"" g.Termiz",2026-08-14,TRUE,FALSE
NG-0360,pp-r-truba-pn16-hvs-50-nevo,PP-R труба PN16 ХВС 50 Nevo,PP-R труба PN16 ХВС,50,Диаметр,20,metr,35000,UZS,35000,UZS,Nevo,Truba va fitinglar,PP-R труба,"OOO ""SANTEX MAKON"" g.Termiz",2026-08-14,TRUE,FALSE
NG-0361,pp-r-truba-pn16-hvs-63-nevo,PP-R труба PN16 ХВС 63 Nevo,PP-R труба PN16 ХВС,63,Диаметр,20,metr,56000,UZS,56000,UZS,Nevo,Truba va fitinglar,PP-R труба,"OOO ""SANTEX MAKON"" g.Termiz",2026-08-14,TRUE,FALSE
NG-0362,pp-r-truba-pn16-hvs-75-nevo,PP-R труба PN16 ХВС 75 Nevo,PP-R труба PN16 ХВС,75,Диаметр,16,metr,84000,UZS,84000,UZS,Nevo,Truba va fitinglar,PP-R труба,"OOO ""SANTEX MAKON"" g.Termiz",2026-08-14,TRUE,FALSE
NG-0363,pp-r-truba-pn16-hvs-90-nevo,PP-R труба PN16 ХВС 90 Nevo,PP-R труба PN16 ХВС,90,Диаметр,12,metr,130000,UZS,130000,UZS,Nevo,Truba va fitinglar,PP-R труба,"OOO ""SANTEX MAKON"" g.Termiz",2026-08-14,TRUE,FALSE
NG-0364,pp-r-truba-pn16-hvs-110-nevo,PP-R труба PN16 ХВС 110 Nevo,PP-R труба PN16 ХВС,110,Диаметр,8,metr,200000,UZS,200000,UZS,Nevo,Truba va fitinglar,PP-R труба,"OOO ""SANTEX MAKON"" g.Termiz",2026-08-14,TRUE,FALSE
NG-0365,pp-r-truba-kompozit-pn20-gvs-20-nevo,PP-R труба композит PN20 ГВС 20 Nevo,PP-R труба композит PN20 ГВС,20,Диаметр,140,metr,7000,UZS,7000,UZS,Nevo,Truba va fitinglar,PP-R труба,"OOO ""SANTEX MAKON"" g.Termiz",2026-08-14,TRUE,FALSE
NG-0366,pp-r-truba-kompozit-pn20-gvs-25-nevo,PP-R труба композит PN20 ГВС 25 Nevo,PP-R труба композит PN20 ГВС,25,Диаметр,100,metr,10000,UZS,10000,UZS,Nevo,Truba va fitinglar,PP-R труба,"OOO ""SANTEX MAKON"" g.Termiz",2026-08-14,TRUE,FALSE
NG-0367,pp-r-truba-kompozit-pn20-gvs-32-nevo,PP-R труба композит PN20 ГВС 32 Nevo,PP-R труба композит PN20 ГВС,32,Диаметр,60,metr,17000,UZS,17000,UZS,Nevo,Truba va fitinglar,PP-R труба,"OOO ""SANTEX MAKON"" g.Termiz",2026-08-14,TRUE,FALSE
NG-0368,pp-r-truba-kompozit-pn20-gvs-40-nevo,PP-R труба композит PN20 ГВС 40 Nevo,PP-R труба композит PN20 ГВС,40,Диаметр,40,metr,27000,UZS,27000,UZS,Nevo,Truba va fitinglar,PP-R труба,"OOO ""SANTEX MAKON"" g.Termiz",2026-08-14,TRUE,FALSE
NG-0369,pp-r-truba-kompozit-pn20-gvs-50-nevo,PP-R труба композит PN20 ГВС 50 Nevo,PP-R труба композит PN20 ГВС,50,Диаметр,20,metr,42000,UZS,42000,UZS,Nevo,Truba va fitinglar,PP-R труба,"OOO ""SANTEX MAKON"" g.Termiz",2026-08-14,TRUE,FALSE
NG-0370,pp-r-truba-kompozit-pn20-gvs-63-nevo,PP-R труба композит PN20 ГВС 63 Nevo,PP-R труба композит PN20 ГВС,63,Диаметр,20,metr,68000,UZS,68000,UZS,Nevo,Truba va fitinglar,PP-R труба,"OOO ""SANTEX MAKON"" g.Termiz",2026-08-14,TRUE,FALSE
NG-0371,pp-r-truba-kompozit-pn20-gvs-75-nevo,PP-R труба композит PN20 ГВС 75 Nevo,PP-R труба композит PN20 ГВС,75,Диаметр,16,metr,105000,UZS,105000,UZS,Nevo,Truba va fitinglar,PP-R труба,"OOO ""SANTEX MAKON"" g.Termiz",2026-08-14,TRUE,FALSE
NG-0372,pp-r-truba-kompozit-pn20-gvs-90-nevo,PP-R труба композит PN20 ГВС 90 Nevo,PP-R труба композит PN20 ГВС,90,Диаметр,12,metr,150000,UZS,150000,UZS,Nevo,Truba va fitinglar,PP-R труба,"OOO ""SANTEX MAKON"" g.Termiz",2026-08-14,TRUE,FALSE
NG-0373,pp-r-truba-kompozit-pn20-gvs-110-nevo,PP-R труба композит PN20 ГВС 110 Nevo,PP-R труба композит PN20 ГВС,110,Диаметр,8,metr,241000,UZS,241000,UZS,Nevo,Truba va fitinglar,PP-R труба,"OOO ""SANTEX MAKON"" g.Termiz",2026-08-14,TRUE,FALSE
NG-0374,pp-r-truba-pn10-hvs-32-nevo,PP-R труба PN10 ХВС 32 Nevo,PP-R труба PN10 ХВС,32,Диаметр,60,metr,11000,UZS,11000,UZS,Nevo,Truba va fitinglar,PP-R труба,"OOO ""SANTEX MAKON"" g.Termiz",2026-08-14,TRUE,FALSE
NG-0375,pp-r-truba-pn10-hvs-40-nevo,PP-R труба PN10 ХВС 40 Nevo,PP-R труба PN10 ХВС,40,Диаметр,40,metr,17000,UZS,17000,UZS,Nevo,Truba va fitinglar,PP-R труба,"OOO ""SANTEX MAKON"" g.Termiz",2026-08-14,TRUE,FALSE
NG-0376,pp-r-truba-pn10-hvs-50-nevo,PP-R труба PN10 ХВС 50 Nevo,PP-R труба PN10 ХВС,50,Диаметр,20,metr,26000,UZS,26000,UZS,Nevo,Truba va fitinglar,PP-R труба,"OOO ""SANTEX MAKON"" g.Termiz",2026-08-14,TRUE,FALSE
NG-0377,pp-r-truba-pn10-hvs-63-nevo,PP-R труба PN10 ХВС 63 Nevo,PP-R труба PN10 ХВС,63,Диаметр,20,metr,41000,UZS,41000,UZS,Nevo,Truba va fitinglar,PP-R труба,"OOO ""SANTEX MAKON"" g.Termiz",2026-08-14,TRUE,FALSE
NG-0378,pp-r-truba-pn10-hvs-75-nevo,PP-R труба PN10 ХВС 75 Nevo,PP-R труба PN10 ХВС,75,Диаметр,16,metr,60000,UZS,60000,UZS,Nevo,Truba va fitinglar,PP-R труба,"OOO ""SANTEX MAKON"" g.Termiz",2026-08-14,TRUE,FALSE
NG-0379,pp-r-truba-pn10-hvs-90-nevo,PP-R труба PN10 ХВС 90 Nevo,PP-R труба PN10 ХВС,90,Диаметр,12,metr,95000,UZS,95000,UZS,Nevo,Truba va fitinglar,PP-R труба,"OOO ""SANTEX MAKON"" g.Termiz",2026-08-14,TRUE,FALSE
NG-0380,pp-r-truba-pn10-hvs-110-nevo,PP-R труба PN10 ХВС 110 Nevo,PP-R труба PN10 ХВС,110,Диаметр,8,metr,140000,UZS,140000,UZS,Nevo,Truba va fitinglar,PP-R труба,"OOO ""SANTEX MAKON"" g.Termiz",2026-08-14,TRUE,FALSE
NG-0381,mufta-40x40-absan-sanat,Муфта 40x40 Absan Sanat,Муфта,40x40,Размер,36,dona,26400,UZS,2.2,USD,Absan Sanat,Truba va fitinglar,Фитинг компрессионный,"OOO ""SANTEX MAKON"" g.Termiz",2026-08-14,TRUE,FALSE
NG-0382,mufta-50x50-absan-sanat,Муфта 50x50 Absan Sanat,Муфта,50x50,Размер,26,dona,36000,UZS,3.0,USD,Absan Sanat,Truba va fitinglar,Фитинг компрессионный,"OOO ""SANTEX MAKON"" g.Termiz",2026-08-14,TRUE,FALSE
NG-0383,mufta-63x63-absan-sanat,Муфта 63x63 Absan Sanat,Муфта,63x63,Размер,16,dona,58800,UZS,4.9,USD,Absan Sanat,Truba va fitinglar,Фитинг компрессионный,"OOO ""SANTEX MAKON"" g.Termiz",2026-08-14,TRUE,FALSE
NG-0384,mufta-75x75-absan-sanat,Муфта 75x75 Absan Sanat,Муфта,75x75,Размер,10,dona,90000,UZS,7.5,USD,Absan Sanat,Truba va fitinglar,Фитинг компрессионный,"OOO ""SANTEX MAKON"" g.Termiz",2026-08-14,TRUE,FALSE
NG-0385,mufta-90x90-absan-sanat,Муфта 90x90 Absan Sanat,Муфта,90x90,Размер,9,dona,150000,UZS,12.5,USD,Absan Sanat,Truba va fitinglar,Фитинг компрессионный,"OOO ""SANTEX MAKON"" g.Termiz",2026-08-14,TRUE,FALSE
NG-0386,mufta-110x110-absan-sanat,Муфта 110x110 Absan Sanat,Муфта,110x110,Размер,6,dona,288000,UZS,24.0,USD,Absan Sanat,Truba va fitinglar,Фитинг компрессионный,"OOO ""SANTEX MAKON"" g.Termiz",2026-08-14,TRUE,FALSE
NG-0387,otvod-40x40-absan-sanat,Отвод 40x40 Absan Sanat,Отвод,40x40,Размер,30,dona,28800,UZS,2.4,USD,Absan Sanat,Truba va fitinglar,Фитинг компрессионный,"OOO ""SANTEX MAKON"" g.Termiz",2026-08-14,TRUE,FALSE
NG-0388,otvod-50x50-absan-sanat,Отвод 50x50 Absan Sanat,Отвод,50x50,Размер,20,dona,38400,UZS,3.2,USD,Absan Sanat,Truba va fitinglar,Фитинг компрессионный,"OOO ""SANTEX MAKON"" g.Termiz",2026-08-14,TRUE,FALSE
NG-0389,otvod-63x63-absan-sanat,Отвод 63x63 Absan Sanat,Отвод,63x63,Размер,12,dona,66000,UZS,5.5,USD,Absan Sanat,Truba va fitinglar,Фитинг компрессионный,"OOO ""SANTEX MAKON"" g.Termiz",2026-08-14,TRUE,FALSE
NG-0390,otvod-75x75-absan-sanat,Отвод 75x75 Absan Sanat,Отвод,75x75,Размер,8,dona,96000,UZS,8.0,USD,Absan Sanat,Truba va fitinglar,Фитинг компрессионный,"OOO ""SANTEX MAKON"" g.Termiz",2026-08-14,TRUE,FALSE
NG-0391,otvod-90x90-absan-sanat,Отвод 90x90 Absan Sanat,Отвод,90x90,Размер,8,dona,156000,UZS,13.0,USD,Absan Sanat,Truba va fitinglar,Фитинг компрессионный,"OOO ""SANTEX MAKON"" g.Termiz",2026-08-14,TRUE,FALSE
NG-0392,otvod-110x110-absan-sanat,Отвод 110x110 Absan Sanat,Отвод,110x110,Размер,8,dona,312000,UZS,26.0,USD,Absan Sanat,Truba va fitinglar,Фитинг компрессионный,"OOO ""SANTEX MAKON"" g.Termiz",2026-08-14,TRUE,FALSE
NG-0393,troynik-40x40x40-absan-sanat,Тройник 40x40x40 Absan Sanat,Тройник,40x40x40,Размер,22,dona,38400,UZS,3.2,USD,Absan Sanat,Truba va fitinglar,Фитинг компрессионный,"OOO ""SANTEX MAKON"" g.Termiz",2026-08-14,TRUE,FALSE
NG-0394,troynik-50x50x50-absan-sanat,Тройник 50x50x50 Absan Sanat,Тройник,50x50x50,Размер,14,dona,63600,UZS,5.3,USD,Absan Sanat,Truba va fitinglar,Фитинг компрессионный,"OOO ""SANTEX MAKON"" g.Termiz",2026-08-14,TRUE,FALSE
NG-0395,troynik-63x63x63-absan-sanat,Тройник 63x63x63 Absan Sanat,Тройник,63x63x63,Размер,6,dona,96000,UZS,8.0,USD,Absan Sanat,Truba va fitinglar,Фитинг компрессионный,"OOO ""SANTEX MAKON"" g.Termiz",2026-08-14,TRUE,FALSE
NG-0396,troynik-75x75x75-absan-sanat,Тройник 75x75x75 Absan Sanat,Тройник,75x75x75,Размер,5,dona,150000,UZS,12.5,USD,Absan Sanat,Truba va fitinglar,Фитинг компрессионный,"OOO ""SANTEX MAKON"" g.Termiz",2026-08-14,TRUE,FALSE
NG-0397,troynik-90x90x90-absan-sanat,Тройник 90x90x90 Absan Sanat,Тройник,90x90x90,Размер,5,dona,240000,UZS,20.0,USD,Absan Sanat,Truba va fitinglar,Фитинг компрессионный,"OOO ""SANTEX MAKON"" g.Termiz",2026-08-14,TRUE,FALSE
NG-0398,troynik-110x110x110-absan-sanat,Тройник 110x110x110 Absan Sanat,Тройник,110x110x110,Размер,2,dona,540000,UZS,45.0,USD,Absan Sanat,Truba va fitinglar,Фитинг компрессионный,"OOO ""SANTEX MAKON"" g.Termiz",2026-08-14,TRUE,FALSE
NG-0399,troynik-perehodnik-50x40-absan-sanat,Тройник переходник 50x40 Absan Sanat,Тройник переходник,50x40,Размер,14,dona,66000,UZS,5.5,USD,Absan Sanat,Truba va fitinglar,Фитинг компрессионный,"OOO ""SANTEX MAKON"" g.Termiz",2026-08-14,TRUE,FALSE
NG-0400,troynik-perehodnik-63x50-absan-sanat-2,Тройник переходник 63x50 Absan Sanat,Тройник переходник,63x50,Размер,8,dona,90000,UZS,7.5,USD,Absan Sanat,Truba va fitinglar,Фитинг компрессионный,"OOO ""SANTEX MAKON"" g.Termiz",2026-08-14,TRUE,FALSE
NG-0401,troynik-perehodnik-75x50-absan-sanat-2,Тройник переходник 75x50 Absan Sanat,Тройник переходник,75x50,Размер,5,dona,114000,UZS,9.5,USD,Absan Sanat,Truba va fitinglar,Фитинг компрессионный,"OOO ""SANTEX MAKON"" g.Termiz",2026-08-14,TRUE,FALSE
NG-0402,troynik-perehodnik-75x63-absan-sanat-2,Тройник переходник 75x63 Absan Sanat,Тройник переходник,75x63,Размер,5,dona,134400,UZS,11.2,USD,Absan Sanat,Truba va fitinglar,Фитинг компрессионный,"OOO ""SANTEX MAKON"" g.Termiz",2026-08-14,TRUE,FALSE
NG-0403,troynik-perehodnik-90x75-absan-sanat-2,Тройник переходник 90x75 Absan Sanat,Тройник переходник,90x75,Размер,5,dona,241200,UZS,20.1,USD,Absan Sanat,Truba va fitinglar,Фитинг компрессионный,"OOO ""SANTEX MAKON"" g.Termiz",2026-08-14,TRUE,FALSE
NG-0404,troynik-perehodnik-110x75-absan-sanat-2,Тройник переходник 110x75 Absan Sanat,Тройник переходник,110x75,Размер,2,dona,480000,UZS,40.0,USD,Absan Sanat,Truba va fitinglar,Фитинг компрессионный,"OOO ""SANTEX MAKON"" g.Termiz",2026-08-14,TRUE,FALSE
NG-0405,troynik-perehodnik-110x90-absan-sanat-2,Тройник переходник 110x90 Absan Sanat,Тройник переходник,110x90,Размер,2,dona,384000,UZS,32.0,USD,Absan Sanat,Truba va fitinglar,Фитинг компрессионный,"OOO ""SANTEX MAKON"" g.Termiz",2026-08-14,TRUE,FALSE
NG-0406,sharovoy-kran-40-absan-sanat,Шаровой кран 40 Absan Sanat,Шаровой кран,40,Размер,84,dona,75600,UZS,6.3,USD,Absan Sanat,Truba va fitinglar,Фитинг компрессионный,"OOO ""SANTEX MAKON"" g.Termiz",2026-08-14,TRUE,FALSE
NG-0407,sharovoy-kran-50-absan-sanat,Шаровой кран 50 Absan Sanat,Шаровой кран,50,Размер,16,dona,110400,UZS,9.2,USD,Absan Sanat,Truba va fitinglar,Фитинг компрессионный,"OOO ""SANTEX MAKON"" g.Termiz",2026-08-14,TRUE,FALSE
NG-0408,sharovoy-kran-63-absan-sanat,Шаровой кран 63 Absan Sanat,Шаровой кран,63,Размер,8,dona,168000,UZS,14.0,USD,Absan Sanat,Truba va fitinglar,Фитинг компрессионный,"OOO ""SANTEX MAKON"" g.Termiz",2026-08-14,TRUE,FALSE
NG-0409,sharovoy-kran-75-absan-sanat,Шаровой кран 75 Absan Sanat,Шаровой кран,75,Размер,6,dona,258000,UZS,21.5,USD,Absan Sanat,Truba va fitinglar,Фитинг компрессионный,"OOO ""SANTEX MAKON"" g.Termiz",2026-08-14,TRUE,FALSE
NG-0410,sharovoy-kran-90-absan-sanat,Шаровой кран 90 Absan Sanat,Шаровой кран,90,Размер,9,dona,408000,UZS,34.0,USD,Absan Sanat,Truba va fitinglar,Фитинг компрессионный,"OOO ""SANTEX MAKON"" g.Termiz",2026-08-14,TRUE,FALSE
NG-0411,sharovoy-kran-110-absan-sanat,Шаровой кран 110 Absan Sanat,Шаровой кран,110,Размер,3,dona,528000,UZS,44.0,USD,Absan Sanat,Truba va fitinglar,Фитинг компрессионный,"OOO ""SANTEX MAKON"" g.Termiz",2026-08-14,TRUE,FALSE
NG-0412,perehodnik-40x32-absan-sanat,Переходник 40x32 Absan Sanat,Переходник,40x32,Размер,46,dona,18000,UZS,1.5,USD,Absan Sanat,Truba va fitinglar,Фитинг компрессионный,"OOO ""SANTEX MAKON"" g.Termiz",2026-08-14,TRUE,FALSE
NG-0413,perehodnik-50x32-absan-sanat,Переходник 50x32 Absan Sanat,Переходник,50x32,Размер,30,dona,27600,UZS,2.3,USD,Absan Sanat,Truba va fitinglar,Фитинг компрессионный,"OOO ""SANTEX MAKON"" g.Termiz",2026-08-14,TRUE,FALSE
NG-0414,perehodnik-50x40-absan-sanat,Переходник 50x40 Absan Sanat,Переходник,50x40,Размер,30,dona,33600,UZS,2.8,USD,Absan Sanat,Truba va fitinglar,Фитинг компрессионный,"OOO ""SANTEX MAKON"" g.Termiz",2026-08-14,TRUE,FALSE
NG-0415,perehodnik-63x40-absan-sanat,Переходник 63x40 Absan Sanat,Переходник,63x40,Размер,22,dona,40800,UZS,3.4,USD,Absan Sanat,Truba va fitinglar,Фитинг компрессионный,"OOO ""SANTEX MAKON"" g.Termiz",2026-08-14,TRUE,FALSE
NG-0416,perehodnik-63x50-absan-sanat-2,Переходник 63x50 Absan Sanat,Переходник,63x50,Размер,20,dona,50400,UZS,4.2,USD,Absan Sanat,Truba va fitinglar,Фитинг компрессионный,"OOO ""SANTEX MAKON"" g.Termiz",2026-08-14,TRUE,FALSE
NG-0417,perehodnik-75x50-absan-sanat-2,Переходник 75x50 Absan Sanat,Переходник,75x50,Размер,12,dona,72000,UZS,6.0,USD,Absan Sanat,Truba va fitinglar,Фитинг компрессионный,"OOO ""SANTEX MAKON"" g.Termiz",2026-08-14,TRUE,FALSE
NG-0418,perehodnik-75x63-absan-sanat-2,Переходник 75x63 Absan Sanat,Переходник,75x63,Размер,10,dona,68400,UZS,5.7,USD,Absan Sanat,Truba va fitinglar,Фитинг компрессионный,"OOO ""SANTEX MAKON"" g.Termiz",2026-08-14,TRUE,FALSE
NG-0419,perehodnik-90x75-absan-sanat-2,Переходник 90x75 Absan Sanat,Переходник,90x75,Размер,5,dona,144000,UZS,12.0,USD,Absan Sanat,Truba va fitinglar,Фитинг компрессионный,"OOO ""SANTEX MAKON"" g.Termiz",2026-08-14,TRUE,FALSE
NG-0420,zaglushka-40x40-absan-sanat,Заглушка 40x40 Absan Sanat,Заглушка,40x40,Размер,75,dona,21600,UZS,1.8,USD,Absan Sanat,Truba va fitinglar,Фитинг компрессионный,"OOO ""SANTEX MAKON"" g.Termiz",2026-08-14,TRUE,FALSE
NG-0421,zaglushka-50x50-absan-sanat,Заглушка 50x50 Absan Sanat,Заглушка,50x50,Размер,50,dona,24000,UZS,2.0,USD,Absan Sanat,Truba va fitinglar,Фитинг компрессионный,"OOO ""SANTEX MAKON"" g.Termiz",2026-08-14,TRUE,FALSE
NG-0422,zaglushka-63x63-absan-sanat,Заглушка 63x63 Absan Sanat,Заглушка,63x63,Размер,30,dona,30000,UZS,2.5,USD,Absan Sanat,Truba va fitinglar,Фитинг компрессионный,"OOO ""SANTEX MAKON"" g.Termiz",2026-08-14,TRUE,FALSE
NG-0423,zaglushka-75x75-absan-sanat,Заглушка 75x75 Absan Sanat,Заглушка,75x75,Размер,20,dona,54000,UZS,4.5,USD,Absan Sanat,Truba va fitinglar,Фитинг компрессионный,"OOO ""SANTEX MAKON"" g.Termiz",2026-08-14,TRUE,FALSE
NG-0424,ppr-truba-pn-16-hvs-20-aqua-line,ППР труба PN-16 ХВС 20 Aqua Line,ППР труба PN-16 ХВС,20,Размер,140м,metr,4945,UZS,4945,UZS,Aqua Line,Truba va fitinglar,ППР труба и фитинги,"OOO ""SANTEX MAKON"" g.Termiz",2026-07-13,TRUE,FALSE
NG-0425,ppr-truba-pn-16-hvs-25-aqua-line,ППР труба PN-16 ХВС 25 Aqua Line,ППР труба PN-16 ХВС,25,Размер,100м,metr,6900,UZS,6900,UZS,Aqua Line,Truba va fitinglar,ППР труба и фитинги,"OOO ""SANTEX MAKON"" g.Termiz",2026-07-13,TRUE,FALSE
NG-0426,ppr-truba-pn-16-hvs-32-aqua-line,ППР труба PN-16 ХВС 32 Aqua Line,ППР труба PN-16 ХВС,32,Размер,60м,metr,11040,UZS,11040,UZS,Aqua Line,Truba va fitinglar,ППР труба и фитинги,"OOO ""SANTEX MAKON"" g.Termiz",2026-07-13,TRUE,FALSE
NG-0427,ppr-truba-pn-16-hvs-40-aqua-line,ППР труба PN-16 ХВС 40 Aqua Line,ППР труба PN-16 ХВС,40,Размер,40м,metr,18400,UZS,18400,UZS,Aqua Line,Truba va fitinglar,ППР труба и фитинги,"OOO ""SANTEX MAKON"" g.Termiz",2026-07-13,TRUE,FALSE
NG-0428,ppr-truba-pn-16-hvs-50-aqua-line,ППР труба PN-16 ХВС 50 Aqua Line,ППР труба PN-16 ХВС,50,Размер,20м,metr,28175,UZS,28175,UZS,Aqua Line,Truba va fitinglar,ППР труба и фитинги,"OOO ""SANTEX MAKON"" g.Termiz",2026-07-13,TRUE,FALSE
NG-0429,ppr-truba-pn-16-hvs-63-aqua-line,ППР труба PN-16 ХВС 63 Aqua Line,ППР труба PN-16 ХВС,63,Размер,20м,metr,43700,UZS,43700,UZS,Aqua Line,Truba va fitinglar,ППР труба и фитинги,"OOO ""SANTEX MAKON"" g.Termiz",2026-07-13,TRUE,FALSE
NG-0430,ppr-truba-pn-20-gvs-20-aqua-line,ППР труба PN-20 ГВС 20 Aqua Line,ППР труба PN-20 ГВС,20,Размер,140м,metr,5980,UZS,5980,UZS,Aqua Line,Truba va fitinglar,ППР труба и фитинги,"OOO ""SANTEX MAKON"" g.Termiz",2026-07-13,TRUE,FALSE
NG-0431,ppr-truba-pn-20-gvs-25-aqua-line,ППР труба PN-20 ГВС 25 Aqua Line,ППР труба PN-20 ГВС,25,Размер,100м,metr,7820,UZS,7820,UZS,Aqua Line,Truba va fitinglar,ППР труба и фитинги,"OOO ""SANTEX MAKON"" g.Termiz",2026-07-13,TRUE,FALSE
NG-0432,ppr-truba-pn-20-gvs-32-aqua-line,ППР труба PN-20 ГВС 32 Aqua Line,ППР труба PN-20 ГВС,32,Размер,60м,metr,12075,UZS,12075,UZS,Aqua Line,Truba va fitinglar,ППР труба и фитинги,"OOO ""SANTEX MAKON"" g.Termiz",2026-07-13,TRUE,FALSE
NG-0433,ppr-truba-pn-20-gvs-40-aqua-line,ППР труба PN-20 ГВС 40 Aqua Line,ППР труба PN-20 ГВС,40,Размер,40м,metr,18800,UZS,18800,UZS,Aqua Line,Truba va fitinglar,ППР труба и фитинги,"OOO ""SANTEX MAKON"" g.Termiz",2026-07-13,TRUE,FALSE
NG-0434,ppr-truba-pn-20-gvs-50-aqua-line,ППР труба PN-20 ГВС 50 Aqua Line,ППР труба PN-20 ГВС,50,Размер,20м,metr,28800,UZS,28800,UZS,Aqua Line,Truba va fitinglar,ППР труба и фитинги,"OOO ""SANTEX MAKON"" g.Termiz",2026-07-13,TRUE,FALSE
NG-0435,ppr-truba-pn-20-gvs-63-aqua-line,ППР труба PN-20 ГВС 63 Aqua Line,ППР труба PN-20 ГВС,63,Размер,20м,metr,53000,UZS,53000,UZS,Aqua Line,Truba va fitinglar,ППР труба и фитинги,"OOO ""SANTEX MAKON"" g.Termiz",2026-07-13,TRUE,FALSE
NG-0436,ppr-truba-pn-10-hvs-32-aqua-line,ППР труба PN-10 ХВС 32 Aqua Line,ППР труба PN-10 ХВС,32,Размер,60м,metr,9660,UZS,9660,UZS,Aqua Line,Truba va fitinglar,ППР труба и фитинги,"OOO ""SANTEX MAKON"" g.Termiz",2026-07-13,TRUE,FALSE
NG-0437,ppr-truba-pn-10-hvs-40-aqua-line,ППР труба PN-10 ХВС 40 Aqua Line,ППР труба PN-10 ХВС,40,Размер,40м,metr,14375,UZS,14375,UZS,Aqua Line,Truba va fitinglar,ППР труба и фитинги,"OOO ""SANTEX MAKON"" g.Termiz",2026-07-13,TRUE,FALSE
NG-0438,ppr-truba-pn-10-hvs-50-aqua-line,ППР труба PN-10 ХВС 50 Aqua Line,ППР труба PN-10 ХВС,50,Размер,20м,metr,22425,UZS,22425,UZS,Aqua Line,Truba va fitinglar,ППР труба и фитинги,"OOO ""SANTEX MAKON"" g.Termiz",2026-07-13,TRUE,FALSE
NG-0439,ppr-truba-pn-10-hvs-63-aqua-line,ППР труба PN-10 ХВС 63 Aqua Line,ППР труба PN-10 ХВС,63,Размер,20м,metr,34730,UZS,34730,UZS,Aqua Line,Truba va fitinglar,ППР труба и фитинги,"OOO ""SANTEX MAKON"" g.Termiz",2026-07-13,TRUE,FALSE
NG-0440,mufta-20-aqua-line,Муфта 20 Aqua Line,Муфта,20,Размер,600,dona,586,UZS,586,UZS,Aqua Line,Truba va fitinglar,ППР труба и фитинги,"OOO ""SANTEX MAKON"" g.Termiz",2026-07-13,TRUE,FALSE
NG-0441,mufta-25-aqua-line,Муфта 25 Aqua Line,Муфта,25,Размер,300,dona,841,UZS,841,UZS,Aqua Line,Truba va fitinglar,ППР труба и фитинги,"OOO ""SANTEX MAKON"" g.Termiz",2026-07-13,TRUE,FALSE
NG-0442,mufta-32-aqua-line,Муфта 32 Aqua Line,Муфта,32,Размер,200,dona,1476,UZS,1476,UZS,Aqua Line,Truba va fitinglar,ППР труба и фитинги,"OOO ""SANTEX MAKON"" g.Termiz",2026-07-13,TRUE,FALSE
NG-0443,mufta-40-aqua-line,Муфта 40 Aqua Line,Муфта,40,Размер,100,dona,2617,UZS,2617,UZS,Aqua Line,Truba va fitinglar,ППР труба и фитинги,"OOO ""SANTEX MAKON"" g.Termiz",2026-07-13,TRUE,FALSE
NG-0444,mufta-50-aqua-line,Муфта 50 Aqua Line,Муфта,50,Размер,75,dona,4758,UZS,4758,UZS,Aqua Line,Truba va fitinglar,ППР труба и фитинги,"OOO ""SANTEX MAKON"" g.Termiz",2026-07-13,TRUE,FALSE
NG-0445,mufta-63-aqua-line,Муфта 63 Aqua Line,Муфта,63,Размер,40,dona,8468,UZS,8468,UZS,Aqua Line,Truba va fitinglar,ППР труба и фитинги,"OOO ""SANTEX MAKON"" g.Termiz",2026-07-13,TRUE,FALSE
NG-0446,otvod-20-aqua-line,Отвод 20 Aqua Line,Отвод,20,Размер,400,dona,732,UZS,732,UZS,Aqua Line,Truba va fitinglar,ППР труба и фитинги,"OOO ""SANTEX MAKON"" g.Termiz",2026-07-13,TRUE,FALSE
NG-0447,otvod-25-aqua-line,Отвод 25 Aqua Line,Отвод,25,Размер,250,dona,1053,UZS,1053,UZS,Aqua Line,Truba va fitinglar,ППР труба и фитинги,"OOO ""SANTEX MAKON"" g.Termiz",2026-07-13,TRUE,FALSE
NG-0448,otvod-32-aqua-line,Отвод 32 Aqua Line,Отвод,32,Размер,120,dona,2051,UZS,2051,UZS,Aqua Line,Truba va fitinglar,ППР труба и фитинги,"OOO ""SANTEX MAKON"" g.Termiz",2026-07-13,TRUE,FALSE
NG-0449,otvod-40-aqua-line,Отвод 40 Aqua Line,Отвод,40,Размер,60,dona,3965,UZS,3965,UZS,Aqua Line,Truba va fitinglar,ППР труба и фитинги,"OOO ""SANTEX MAKON"" g.Termiz",2026-07-13,TRUE,FALSE
NG-0450,otvod-50-aqua-line,Отвод 50 Aqua Line,Отвод,50,Размер,,dona,6543,UZS,6543,UZS,Aqua Line,Truba va fitinglar,ППР труба и фитинги,"OOO ""SANTEX MAKON"" g.Termiz",2026-07-13,TRUE,FALSE
NG-0451,otvod-63-aqua-line,Отвод 63 Aqua Line,Отвод,63,Размер,,dona,12583,UZS,12583,UZS,Aqua Line,Truba va fitinglar,ППР труба и фитинги,"OOO ""SANTEX MAKON"" g.Termiz",2026-07-13,TRUE,FALSE
NG-0452,pol-otvod-20-aqua-line,Пол отвод 20 Aqua Line,Пол отвод,20,Размер,400,dona,705,UZS,705,UZS,Aqua Line,Truba va fitinglar,ППР труба и фитинги,"OOO ""SANTEX MAKON"" g.Termiz",2026-07-13,TRUE,FALSE
NG-0453,pol-otvod-25-aqua-line,Пол отвод 25 Aqua Line,Пол отвод,25,Размер,300,dona,1029,UZS,1029,UZS,Aqua Line,Truba va fitinglar,ППР труба и фитинги,"OOO ""SANTEX MAKON"" g.Termiz",2026-07-13,TRUE,FALSE
NG-0454,pol-otvod-32-aqua-line,Пол отвод 32 Aqua Line,Пол отвод,32,Размер,120,dona,1972,UZS,1972,UZS,Aqua Line,Truba va fitinglar,ППР труба и фитинги,"OOO ""SANTEX MAKON"" g.Termiz",2026-07-13,TRUE,FALSE
NG-0455,pol-otvod-40-aqua-line,Пол отвод 40 Aqua Line,Пол отвод,40,Размер,,dona,3462,UZS,3462,UZS,Aqua Line,Truba va fitinglar,ППР труба и фитинги,"OOO ""SANTEX MAKON"" g.Termiz",2026-07-13,TRUE,FALSE
NG-0456,pol-otvod-50-aqua-line,Пол отвод 50 Aqua Line,Пол отвод,50,Размер,,dona,6005,UZS,6005,UZS,Aqua Line,Truba va fitinglar,ППР труба и фитинги,"OOO ""SANTEX MAKON"" g.Termiz",2026-07-13,TRUE,FALSE
NG-0457,pol-otvod-63-aqua-line,Пол отвод 63 Aqua Line,Пол отвод,63,Размер,20,dona,12002,UZS,12002,UZS,Aqua Line,Truba va fitinglar,ППР труба и фитинги,"OOO ""SANTEX MAKON"" g.Termiz",2026-07-13,TRUE,FALSE
NG-0458,troynik-20-aqua-line,Тройник 20 Aqua Line,Тройник,20,Размер,250,dona,1080,UZS,1080,UZS,Aqua Line,Truba va fitinglar,ППР труба и фитинги,"OOO ""SANTEX MAKON"" g.Termiz",2026-07-13,TRUE,FALSE
NG-0459,troynik-25-aqua-line,Тройник 25 Aqua Line,Тройник,25,Размер,120,dona,1800,UZS,1800,UZS,Aqua Line,Truba va fitinglar,ППР труба и фитинги,"OOO ""SANTEX MAKON"" g.Termiz",2026-07-13,TRUE,FALSE
NG-0460,troynik-32-aqua-line,Тройник 32 Aqua Line,Тройник,32,Размер,80,dona,3069,UZS,3069,UZS,Aqua Line,Truba va fitinglar,ППР труба и фитинги,"OOO ""SANTEX MAKON"" g.Termiz",2026-07-13,TRUE,FALSE
NG-0461,troynik-40-aqua-line,Тройник 40 Aqua Line,Тройник,40,Размер,40,dona,5190,UZS,5190,UZS,Aqua Line,Truba va fitinglar,ППР труба и фитинги,"OOO ""SANTEX MAKON"" g.Termiz",2026-07-13,TRUE,FALSE
NG-0462,troynik-50-aqua-line,Тройник 50 Aqua Line,Тройник,50,Размер,30,dona,9538,UZS,9538,UZS,Aqua Line,Truba va fitinglar,ППР труба и фитинги,"OOO ""SANTEX MAKON"" g.Termiz",2026-07-13,TRUE,FALSE
NG-0463,troynik-63-aqua-line,Тройник 63 Aqua Line,Тройник,63,Размер,16,dona,18156,UZS,18156,UZS,Aqua Line,Truba va fitinglar,ППР труба и фитинги,"OOO ""SANTEX MAKON"" g.Termiz",2026-07-13,TRUE,FALSE
NG-0464,ktps-s-askue-ktps-25-10-6-0-4-kv,"КТПС с АСКУЭ КТПС-25/10(6)/0,4 kV",КТПС с АСКУЭ,"КТПС-25/10(6)/0,4 kV","Мощность, кВА",,dona,22000000,UZS,22000000,UZS,KTP,Elektr jihozlari,Трансформаторные подстанции,"OOO ""SANTEX MAKON""",2026-08-18,TRUE,FALSE
NG-0465,ktps-s-askue-ktps-40-10-6-0-4-kv,"КТПС с АСКУЭ КТПС-40/10(6)/0,4 kV",КТПС с АСКУЭ,"КТПС-40/10(6)/0,4 kV","Мощность, кВА",,dona,23000000,UZS,23000000,UZS,KTP,Elektr jihozlari,Трансформаторные подстанции,"OOO ""SANTEX MAKON""",2026-08-18,TRUE,FALSE
NG-0466,ktps-s-askue-ktps-63-10-6-0-4-kv,"КТПС с АСКУЭ КТПС-63/10(6)/0,4 kV",КТПС с АСКУЭ,"КТПС-63/10(6)/0,4 kV","Мощность, кВА",,dona,26000000,UZS,26000000,UZS,KTP,Elektr jihozlari,Трансформаторные подстанции,"OOO ""SANTEX MAKON""",2026-08-18,TRUE,FALSE
NG-0467,ktps-s-askue-ktps-100-10-6-0-4-kv,"КТПС с АСКУЭ КТПС-100/10(6)/0,4 kV",КТПС с АСКУЭ,"КТПС-100/10(6)/0,4 kV","Мощность, кВА",,dona,29000000,UZS,29000000,UZS,KTP,Elektr jihozlari,Трансформаторные подстанции,"OOO ""SANTEX MAKON""",2026-08-18,TRUE,FALSE
NG-0468,ktps-s-askue-ktps-160-10-6-0-4-kv,"КТПС с АСКУЭ КТПС-160/10(6)/0,4 kV",КТПС с АСКУЭ,"КТПС-160/10(6)/0,4 kV","Мощность, кВА",,dona,34000000,UZS,34000000,UZS,KTP,Elektr jihozlari,Трансформаторные подстанции,"OOO ""SANTEX MAKON""",2026-08-18,TRUE,FALSE
NG-0469,ktps-s-askue-ktps-250-10-6-0-4-kv,"КТПС с АСКУЭ КТПС-250/10(6)/0,4 kV",КТПС с АСКУЭ,"КТПС-250/10(6)/0,4 kV","Мощность, кВА",,dona,39000000,UZS,39000000,UZS,KTP,Elektr jihozlari,Трансформаторные подстанции,"OOO ""SANTEX MAKON""",2026-08-18,TRUE,FALSE
NG-0470,gktp-s-askue-gktp-100-10-6-0-4-kv,"ГКТП с АСКУЭ ГКТП-100/10(6)/0,4 кВ",ГКТП с АСКУЭ,"ГКТП-100/10(6)/0,4 кВ","Мощность, кВА",,dona,42000000,UZS,42000000,UZS,KTP,Elektr jihozlari,Трансформаторные подстанции,"OOO ""SANTEX MAKON""",2026-08-18,TRUE,FALSE
NG-0471,gktp-s-askue-gktp-160-10-6-0-4-kv,"ГКТП с АСКУЭ ГКТП-160/10(6)/0,4 кВ",ГКТП с АСКУЭ,"ГКТП-160/10(6)/0,4 кВ","Мощность, кВА",,dona,46000000,UZS,46000000,UZS,KTP,Elektr jihozlari,Трансформаторные подстанции,"OOO ""SANTEX MAKON""",2026-08-18,TRUE,FALSE
NG-0472,gktp-s-askue-gktp-250-10-6-0-4-kv,"ГКТП с АСКУЭ ГКТП-250/10(6)/0,4 кВ",ГКТП с АСКУЭ,"ГКТП-250/10(6)/0,4 кВ","Мощность, кВА",,dona,55000000,UZS,55000000,UZS,KTP,Elektr jihozlari,Трансформаторные подстанции,"OOO ""SANTEX MAKON""",2026-08-18,TRUE,FALSE
NG-0473,gktp-s-askue-gktp-400-10-6-0-4-kv,"ГКТП с АСКУЭ ГКТП-400/10(6)/0,4 кВ",ГКТП с АСКУЭ,"ГКТП-400/10(6)/0,4 кВ","Мощность, кВА",,dona,66000000,UZS,66000000,UZS,KTP,Elektr jihozlari,Трансформаторные подстанции,"OOO ""SANTEX MAKON""",2026-08-18,TRUE,FALSE
NG-0474,gktp-s-askue-gktp-630-10-6-0-4-kv,"ГКТП с АСКУЭ ГКТП-630/10(6)/0,4 кВ",ГКТП с АСКУЭ,"ГКТП-630/10(6)/0,4 кВ","Мощность, кВА",,dona,95000000,UZS,95000000,UZS,KTP,Elektr jihozlari,Трансформаторные подстанции,"OOO ""SANTEX MAKON""",2026-08-18,TRUE,FALSE
NG-0475,homut-santehnicheskiy-1-2-20-24-mayer,Хомут сантехнический 1/2 (20-24) Mayer,Хомут сантехнический,1/2 (20-24),Размер,120,dona,3600,UZS,0.301,USD,Mayer,Truba va fitinglar,Крепёжные хомуты,Mayer (диллер),2026-08-14,TRUE,FALSE
NG-0476,homut-santehnicheskiy-3-4-25-28-mayer,Хомут сантехнический 3/4 (25-28) Mayer,Хомут сантехнический,3/4 (25-28),Размер,110,dona,3900,UZS,0.323,USD,Mayer,Truba va fitinglar,Крепёжные хомуты,Mayer (диллер),2026-08-14,TRUE,FALSE
NG-0477,homut-santehnicheskiy-1-32-35-mayer,Хомут сантехнический 1 (32-35) Mayer,Хомут сантехнический,1 (32-35),Размер,90,dona,4300,UZS,0.355,USD,Mayer,Truba va fitinglar,Крепёжные хомуты,Mayer (диллер),2026-08-14,TRUE,FALSE
NG-0478,homut-santehnicheskiy-1-1-4-39-46-mayer,Хомут сантехнический 1 1/4 (39-46) Mayer,Хомут сантехнический,1 1/4 (39-46),Размер,80,dona,4900,UZS,0.409,USD,Mayer,Truba va fitinglar,Крепёжные хомуты,Mayer (диллер),2026-08-14,TRUE,FALSE
NG-0479,homut-santehnicheskiy-1-1-2-48-52-mayer,Хомут сантехнический 1 1/2 (48-52) Mayer,Хомут сантехнический,1 1/2 (48-52),Размер,75,dona,5200,UZS,0.436,USD,Mayer,Truba va fitinglar,Крепёжные хомуты,Mayer (диллер),2026-08-14,TRUE,FALSE
NG-0480,homut-santehnicheskiy-2-60-63-mayer,Хомут сантехнический 2 (60-63) Mayer,Хомут сантехнический,2 (60-63),Размер,65,dona,5800,UZS,0.484,USD,Mayer,Truba va fitinglar,Крепёжные хомуты,Mayer (диллер),2026-08-14,TRUE,FALSE
NG-0481,homut-santehnicheskiy-2-1-2-74-80-mayer,Хомут сантехнический 2 1/2 (74-80) Mayer,Хомут сантехнический,2 1/2 (74-80),Размер,55,dona,8300,UZS,0.688,USD,Mayer,Truba va fitinglar,Крепёжные хомуты,Mayer (диллер),2026-08-14,TRUE,FALSE
NG-0482,homut-santehnicheskiy-3-88-94-mayer,Хомут сантехнический 3 (88-94) Mayer,Хомут сантехнический,3 (88-94),Размер,50,dona,9000,UZS,0.747,USD,Mayer,Truba va fitinglar,Крепёжные хомуты,Mayer (диллер),2026-08-14,TRUE,FALSE
NG-0483,homut-santehnicheskiy-4-108-116-mayer,Хомут сантехнический 4 (108-116) Mayer,Хомут сантехнический,4 (108-116),Размер,45,dona,9900,UZS,0.827,USD,Mayer,Truba va fitinglar,Крепёжные хомуты,Mayer (диллер),2026-08-14,TRUE,FALSE
NG-0484,homut-santehnicheskiy-6-162-170-mayer,Хомут сантехнический 6 (162-170) Mayer,Хомут сантехнический,6 (162-170),Размер,30,dona,16500,UZS,1.379,USD,Mayer,Truba va fitinglar,Крепёжные хомуты,Mayer (диллер),2026-08-14,TRUE,FALSE
NG-0485,homut-santehnicheskiy-8-207-219-mayer,Хомут сантехнический 8 (207-219) Mayer,Хомут сантехнический,8 (207-219),Размер,25,dona,39600,UZS,3.3,USD,Mayer,Truba va fitinglar,Крепёжные хомуты,Mayer (диллер),2026-08-14,TRUE,FALSE
